,TITLE,TOT_DEGREE,TOT_ART
1,PLoS Computational Biology,0,0
2,BIOINFORMATICS,28,0
3,BMC Systems Biology,0,0
4,BMC BIOINFORMATICS,10,0
5,JOURNAL OF MATHEMATICAL BIOLOGY,0,0
6,Algorithms for Molecular Biology,0,0
7,BIOSTATISTICS,0,0
8,Evolutionary Bioinformatics,0,0
9,Frontiers in Computational Neuroscience,0,0
10,JOURNAL OF THEORETICAL BIOLOGY,1,0
11,STATISTICS IN MEDICINE,0,0
12,JOURNAL OF COMPUTATIONAL NEUROSCIENCE,0,0
13,JOURNAL OF MOLECULAR GRAPHICS & MODELLING,19,0
14,BULLETIN OF MATHEMATICAL BIOLOGY,0,0
15,BIOMETRIKA,0,0
16,MEDICAL & BIOLOGICAL ENGINEERING & COMPUTING,0,0
17,STATISTICAL METHODS IN MEDICAL RESEARCH,0,0
18,BIOMETRICS,0,0
19,IET Systems Biology,0,0
20,IEEE TRANSACTIONS ON INFORMATION TECHNOLOGY IN BIOMEDICINE,0,0
21,International Journal of Biomathematics,0,0
22,Theoretical Biology and Medical Modelling,0,0
23,JOURNAL OF COMPUTATIONAL BIOLOGY,1,0
24,MATHEMATICAL BIOSCIENCES,0,0
25,SAR AND QSAR IN ENVIRONMENTAL RESEARCH,1,0
26,BIOMETRICAL JOURNAL,0,0
27,MATHEMATICAL MEDICINE AND BIOLOGY-A JOURNAL OF THE IMA,0,0
28,COMPUTERS IN BIOLOGY AND MEDICINE,0,0
29,Current Bioinformatics,0,0
30,Computational and Mathematical Methods in Medicine,0,0
31,JOURNAL OF AGRICULTURAL BIOLOGICAL AND ENVIRONMENTAL STATISTICS,0,0
32,Mathematical Modelling of Natural Phenomena,0,0
33,International Journal of Data Mining and Bioinformatics,0,0
34,Statistics and Its Interface,0,0
35,JOURNAL OF BIOLOGICAL SYSTEMS,0,0
36,International Journal for Numerical Methods in Biomedical Engineering,0,0
37,Molecular Informatics,0,0
38,BRIEFINGS IN BIOINFORMATICS,1,0
39,Database-The Journal of Biological Databases and Curation,0,0
40,BIOSYSTEMS,0,0
41,ACTA BIOTHEORETICA,0,0
42,International Journal of Biostatistics,0,0
43,Mathematical Biosciences and Engineering,0,0
44,THEORY IN BIOSCIENCES,0,0
45,Statistics in Biopharmaceutical Research,0,0
46,Hokkaido Mathematical Journal,0,0
47,Wiley Interdisciplinary Reviews-Computational Molecular Science,0,6881
48,Journal of Medical Imaging and Health Informatics,0,0
49,BioData Mining,0,0
50,Statistical Applications in Genetics and Molecular Biology,0,0
51,Journal of Bioinformatics and Computational Biology,0,0
52,Interdisciplinary Sciences-Computational Life Sciences,0,0
53,IEEE Journal of Biomedical and Health Informatics,0,0
54,Research Synthesis Methods,0,0
55,Frontiers in Neuroinformatics,0,0
56,Journal of Biomedical Semantics,0,0
57,Journal of Biological Dynamics,0,0
58,Computational Intelligence and Neuroscience,0,0
59,GENETIC EPIDEMIOLOGY,0,0
60,BIOPHYSICAL CHEMISTRY,9,0
61,BIOPHYSICAL JOURNAL,116,0
62,PROCEEDINGS OF THE NATIONAL ACADEMY OF SCIENCES OF THE UNITED STATES OF AMERICA,177,0
63,WILEY INTERDISCIPLINARY REVIEWS-COMPUTATIONAL MOLECULAR SCIENCE,71,0
64,JOURNAL OF CHEMICAL PHYSICS,765,0
65,JOURNAL OF CHEMICAL THEORY AND COMPUTATION,235,0
66,CHEMICAL PHYSICS LETTERS,155,0
67,THEORETICAL CHEMISTRY ACCOUNTS,68,0
68,COMPUTER PHYSICS COMMUNICATIONS,29,0
69,JOURNAL OF COMPUTATIONAL CHEMISTRY,223,0
70,JOURNAL OF PHYSICAL CHEMISTRY C,53,0
71,JOURNAL OF PHYSICAL CHEMISTRY B,213,0
72,JOURNAL OF PHYSICS-CONDENSED MATTER,16,0
73,PROTEINS-STRUCTURE FUNCTION AND BIOINFORMATICS,67,0
74,"ANNUAL REVIEW OF PHYSICAL CHEMISTRY, VOL 65",1,0
75,ABSTRACTS OF PAPERS OF THE AMERICAN CHEMICAL SOCIETY,2,0
76,SOFT MATTER,9,0
77,JOURNAL OF MEMBRANE BIOLOGY,2,0
78,PHYSICAL REVIEW E,15,0
79,PHYSICAL CHEMISTRY CHEMICAL PHYSICS,122,0
80,JOURNAL OF THE AMERICAN CHEMICAL SOCIETY,508,0
81,FRONTIERS OF CHEMICAL SCIENCE AND ENGINEERING,1,0
82,BIOPOLYMERS,15,0
83,RSC ADVANCES,7,0
84,JOURNAL OF PHYSICAL CHEMISTRY LETTERS,25,0
85,PHYSICAL REVIEW B,175,0
86,JOURNAL OF GENERAL PHYSIOLOGY,2,0
87,NATURE,113,0
88,SCIENCE,108,0
89,NATURE STRUCTURAL BIOLOGY,16,0
90,FEBS LETTERS,12,0
91,CHEMICAL REVIEWS,90,0
92,MOLECULAR AND CELLULAR BIOLOGY,1,0
93,MOLECULAR PHYSICS,53,0
94,JOURNAL OF PHYSICAL CHEMISTRY A,195,0
95,INTERDISCIPLINARY SCIENCES-COMPUTATIONAL LIFE SCIENCES,1,0
96,INTERNATIONAL JOURNAL OF QUANTUM CHEMISTRY,59,0
97,JOURNAL OF MOLECULAR BIOLOGY,81,0
98,JOURNAL OF PHYSICAL CHEMISTRY,72,0
99,"REVIEWS IN COMPUTATIONAL CHEMISTRY, VOL 18",1,0
100,ACCOUNTS OF CHEMICAL RESEARCH,63,0
101,ORGANIC GEOCHEMISTRY,2,0
102,ACTA CRYSTALLOGRAPHICA SECTION D-BIOLOGICAL CRYSTALLOGRAPHY,12,0
103,BIOCHIMICA ET BIOPHYSICA ACTA,7,0
104,BIOCHEMISTRY,57,0
105,MOLECULAR SIMULATION,4,0
106,PHYSICAL REVIEW LETTERS,123,0
107,CHEMICAL PHYSICS,45,0
108,JOURNAL OF BIOMOLECULAR NMR,8,0
109,ACTA PHYSICO-CHIMICA SINICA,1,0
110,JOURNAL OF MOLECULAR MODELING,33,0
111,CHEMICAL SCIENCE,3,0
112,PLOS COMPUTATIONAL BIOLOGY,19,0
113,EUROPEAN JOURNAL OF PHARMACEUTICAL SCIENCES,2,0
114,BIOCHEMICAL JOURNAL,3,0
115,BMC STRUCTURAL BIOLOGY,7,0
116,MOLECULAR PHARMACOLOGY,3,0
117,CANCER RESEARCH,5,0
118,JOURNAL OF STRUCTURAL BIOLOGY,5,0
119,INTERNATIONAL JOURNAL OF MOLECULAR SCIENCES,3,0
120,PLOS ONE,19,0
121,JOURNAL OF BIOLOGICAL CHEMISTRY,44,0
122,EUROPEAN JOURNAL OF BIOCHEMISTRY,8,0
123,BIOCHEMICAL SOCIETY TRANSACTIONS,4,0
124,BIOCHEMICAL AND BIOPHYSICAL RESEARCH COMMUNICATIONS,4,0
125,ARCHIVES OF BIOCHEMISTRY AND BIOPHYSICS,5,0
126,INTERNATIONAL JOURNAL OF CANCER,2,0
127,FUTURE MEDICINAL CHEMISTRY,2,0
128,JOURNAL OF CHEMICAL INFORMATION AND MODELING,88,0
129,MOLECULAR INFORMATICS,3,0
130,JOURNAL OF MEDICINAL CHEMISTRY,66,0
131,PROGRESS IN BIOPHYSICS & MOLECULAR BIOLOGY,2,0
132,JOURNAL OF IMMUNOTHERAPY,1,0
133,CHEMMEDCHEM,4,0
134,NATURE REVIEWS CANCER,2,0
135,TRENDS IN BIOCHEMICAL SCIENCES,4,0
136,CHEMISTRY AND PHYSICS OF LIPIDS,1,0
137,PROTEIN SCIENCE,22,0
138,BRITISH JOURNAL OF PHARMACOLOGY,3,0
139,JOURNAL OF LIPID RESEARCH,1,0
140,SCIENCE ADVANCES,1,0
141,TOXICOLOGY AND APPLIED PHARMACOLOGY,1,0
142,CELLULAR AND MOLECULAR LIFE SCIENCES,3,0
143,JOURNAL OF CLINICAL ONCOLOGY,1,0
144,NATURE BIOTECHNOLOGY,7,0
145,BIOCHIMICA ET BIOPHYSICA ACTA-BIOMEMBRANES,3,0
146,FEBS JOURNAL,5,0
147,CANCER CHEMOTHERAPY AND PHARMACOLOGY,1,0
148,CANCER LETTERS,1,0
149,JOURNAL OF BIOENERGETICS AND BIOMEMBRANES,1,0
150,BIOCHIMICA ET BIOPHYSICA ACTA-MOLECULAR BASIS OF DISEASE,1,0
151,FASEB JOURNAL,2,0
152,BIOORGANIC & MEDICINAL CHEMISTRY LETTERS,5,0
153,BRITISH JOURNAL OF CANCER,1,0
154,EUROPEAN JOURNAL OF CANCER,1,0
155,CLINICAL CANCER RESEARCH,1,0
156,DRUG METABOLISM AND DISPOSITION,1,0
157,CHEMBIOCHEM,2,0
158,CELL,7,0
159,MEDICINAL RESEARCH REVIEWS,1,0
160,TOXICOLOGY LETTERS,1,0
161,STRUCTURE,35,0
162,MOLECULAR BIOSYSTEMS,6,0
163,BIOCHIMICA ET BIOPHYSICA ACTA-GENERAL SUBJECTS,2,0
164,JOURNAL OF COMPUTER-AIDED MOLECULAR DESIGN,47,0
165,DRUG DISCOVERY TODAY,23,0
166,PLOS NEGLECTED TROPICAL DISEASES,1,0
167,BIOORGANIC & MEDICINAL CHEMISTRY,13,0
168,CHEMICAL BIOLOGY & DRUG DESIGN,3,0
169,CLINICAL INFECTIOUS DISEASES,1,0
170,PROTEINS-STRUCTURE FUNCTION AND GENETICS,31,0
171,EUROPEAN BIOPHYSICS JOURNAL WITH BIOPHYSICS LETTERS,3,0
172,JOURNAL OF VIROLOGY,1,0
173,NUCLEIC ACIDS RESEARCH,60,0
174,PHYSICAL BIOLOGY,3,0
175,FRONTIERS IN MICROBIOLOGY,2,0
176,ANNUAL REVIEW OF PHYSICAL CHEMISTRY,24,0
177,CHEMISTRY & BIODIVERSITY,1,0
178,"REVIEWS IN COMPUTATIONAL CHEMISTRY, VOL 16",1,0
179,"ANNUAL REVIEW OF BIOPHYSICS, VOL 42",3,0
180,JOURNAL OF MOLECULAR STRUCTURE-THEOCHEM,22,0
181,COMPUTATIONAL AND STRUCTURAL BIOTECHNOLOGY JOURNAL,1,0
182,CURRENT COMPUTER-AIDED DRUG DESIGN,1,0
183,ACS CATALYSIS,13,0
184,JOURNAL OF ORGANIC CHEMISTRY,42,0
185,CHEMISTRY-A EUROPEAN JOURNAL,69,0
186,CHEMICAL SOCIETY REVIEWS,26,0
187,ANGEWANDTE CHEMIE-INTERNATIONAL EDITION,153,0
188,JOURNAL OF THE CHEMICAL SOCIETY-PERKIN TRANSACTIONS 2,6,0
189,CHEMICAL COMMUNICATIONS,23,0
190,ORGANIC & BIOMOLECULAR CHEMISTRY,20,0
191,TETRAHEDRON LETTERS,6,0
192,ACS CENTRAL SCIENCE,2,0
193,EUROPEAN JOURNAL OF ORGANIC CHEMISTRY,7,0
194,CHEMCATCHEM,1,0
195,MOLECULES,3,0
196,CHEMICAL RECORD,2,0
197,JOURNAL OF SYNTHETIC ORGANIC CHEMISTRY JAPAN,1,0
198,CHEMISTRY-AN ASIAN JOURNAL,5,0
199,JOURNAL OF THE CHEMICAL SOCIETY-PERKIN TRANSACTIONS 1,1,0
200,JOURNAL OF THE CHEMICAL SOCIETY-DALTON TRANSACTIONS,4,0
201,CHEMISTRYSELECT,1,0
202,SYNLETT,3,0
203,CANADIAN JOURNAL OF CHEMISTRY-REVUE CANADIENNE DE CHIMIE,5,0
204,TETRAHEDRON,10,0
205,ORGANIC LETTERS,34,0
206,INORGANIC CHEMISTRY,36,0
207,TETRAHEDRON-ASYMMETRY,7,0
208,JOURNAL OF OPTIMIZATION THEORY AND APPLICATIONS,1,0
209,NATURE NANOTECHNOLOGY,15,0
210,IEEE ELECTRON DEVICE LETTERS,1,0
211,NANO LETTERS,63,0
212,NATURE MATERIALS,15,0
213,ADVANCED MATERIALS,16,0
214,ACTA CRYSTALLOGRAPHICA SECTION A,4,0
215,PHYSICAL REVIEW X,4,0
216,DALTON TRANSACTIONS,11,0
217,IEEE TRANSACTIONS ON SYSTEMS MAN AND CYBERNETICS PART A-SYSTEMS AND HUMANS,1,0
218,NAVAL RESEARCH LOGISTICS,1,0
219,NANOSCALE,11,0
220,SMALL,6,0
221,ACS NANO,29,0
222,NATURE COMMUNICATIONS,21,0
223,ZEITSCHRIFT FUR KRISTALLOGRAPHIE,1,0
224,NATURE PHYSICS,5,0
225,EARTH AND PLANETARY SCIENCE LETTERS,1,0
226,JOURNAL OF MATERIALS CHEMISTRY,5,0
227,PREDICTION AND CALCULATION OF CRYSTAL STRUCTURES: METHODS AND APPLICATIONS,1,0
228,JOURNAL OF GLOBAL OPTIMIZATION,2,0
229,"IEEE SYMPOSIUM ON VISUAL ANALYTICS SCIENCE AND TECHNOLOGY 2008, PROCEEDINGS",1,0
230,COMPUTATIONAL MATERIALS SCIENCE,11,0
231,JOURNAL OF MATERIALS CHEMISTRY C,4,0
232,APPLICATIONS OF EVOLUTIONARY COMPUTATION IN CHEMISTRY,1,0
233,PHYSICAL REVIEW A,26,0
234,STRUCTURE WITH FOLDING & DESIGN,2,0
235,CHEMPHYSCHEM,30,0
236,CURRENT OPINION IN STRUCTURAL BIOLOGY,61,0
237,NATURE CHEMICAL BIOLOGY,8,0
238,BIOCHIMICA ET BIOPHYSICA ACTA-PROTEINS AND PROTEOMICS,3,0
239,QUARTERLY REVIEWS OF BIOPHYSICS,13,0
240,CATALYSIS SCIENCE & TECHNOLOGY,2,0
241,JOURNAL OF THE CHEMICAL SOCIETY-FARADAY TRANSACTIONS,2,0
242,ISRAEL JOURNAL OF CHEMISTRY,6,0
243,INTERNATIONAL REVIEWS IN PHYSICAL CHEMISTRY,9,0
244,ATOMISTIC APPROACHES IN MODERN BIOLOGY: FROM QUANTUM CHEMISTRY TO MOLECULAR SIMULATIONS,4,0
245,CURRENT OPINION IN CHEMICAL BIOLOGY,10,0
246,NATURAL PRODUCT REPORTS,1,0
247,ANNUAL REVIEW OF BIOPHYSICS AND BIOMOLECULAR STRUCTURE,9,0
248,MOLECULAR CELL,2,0
249,CURRENT MEDICINAL CHEMISTRY,4,0
250,CURRENT PHARMACEUTICAL DESIGN,1,0
251,SCIENTIFIC REPORTS,8,0
252,EUROPEAN JOURNAL OF MEDICINAL CHEMISTRY,1,0
253,JOURNAL OF CHEMINFORMATICS,6,0
254,PHARMACEUTICAL RESEARCH,3,0
255,BIOCHEMISTRY AND MOLECULAR BIOLOGY EDUCATION,1,0
256,MOLECULAR SYSTEMS BIOLOGY,3,0
257,PEERJ,1,0
258,CURRENT PROTEIN & PEPTIDE SCIENCE,1,0
259,ACS APPLIED MATERIALS & INTERFACES,2,0
260,JOURNAL OF CHEMICAL EDUCATION,7,0
261,PROTEINS AT INTERFACES III: STATE OF THE ART,1,0
262,PHYSICA STATUS SOLIDI B-BASIC SOLID STATE PHYSICS,11,0
263,NATURE CHEMISTRY,9,0
264,BIOCHIP JOURNAL,1,0
265,ANNUAL REVIEW OF MATERIALS RESEARCH,4,0
266,LANGMUIR,16,0
267,CHEMISTRY OF MATERIALS,4,0
268,MATERIALS SCIENCE & ENGINEERING R-REPORTS,2,0
269,JOURNAL OF BIOMATERIALS SCIENCE-POLYMER EDITION,1,0
270,ANALYTICAL CHEMISTRY,6,0
271,JOURNAL OF COLLOID AND INTERFACE SCIENCE,1,0
272,INTERFACE FOCUS,1,0
273,FLUID PHASE EQUILIBRIA,4,0
274,JOURNAL OF BIOSCIENCE AND BIOENGINEERING,1,0
275,BIOMATERIALS SCIENCE,1,0
276,TRENDS IN BIOTECHNOLOGY,3,0
277,SOLAR ENERGY MATERIALS AND SOLAR CELLS,2,0
278,MATERIALS SCIENCE AND ENGINEERING A-STRUCTURAL MATERIALS PROPERTIES MICROSTRUCTURE AND PROCESSING,1,0
279,JOURNAL OF CELLULAR BIOCHEMISTRY,1,0
280,JOURNAL OF MATERIALS CHEMISTRY A,3,0
281,APPLIED PHYSICS LETTERS,25,0
282,PHYSICAL REVIEW,15,0
283,NATURE PHOTONICS,1,0
284,JOURNAL OF ALLOYS AND COMPOUNDS,1,0
285,SOLID STATE COMMUNICATIONS,4,0
286,ADVANCED FUNCTIONAL MATERIALS,4,0
287,ADVANCED OPTICAL MATERIALS,1,0
288,ANNALEN DER PHYSIK,2,0
289,PHYSICA E-LOW-DIMENSIONAL SYSTEMS & NANOSTRUCTURES,1,0
290,REVIEWS OF MODERN PHYSICS,18,0
291,EPL,1,0
292,PHYSICAL REVIEW A-GENERAL PHYSICS,1,0
293,PHYSICA STATUS SOLIDI A-APPLICATIONS AND MATERIALS SCIENCE,1,0
294,OPTICS EXPRESS,1,0
295,JOURNAL OF APPLIED PHYSICS,9,0
296,PHYSICA C-SUPERCONDUCTIVITY AND ITS APPLICATIONS,1,0
297,APL MATERIALS,1,0
298,CHINESE JOURNAL OF CHEMICAL PHYSICS,1,0
299,CRYSTENGCOMM,5,0
300,CARBON,2,0
301,NANO RESEARCH,4,0
302,MACROMOLECULAR CHEMISTRY AND PHYSICS,1,0
303,JOURNAL OF SOLID STATE ELECTROCHEMISTRY,1,0
304,CHEMICAL VAPOR DEPOSITION,1,0
305,JOURNAL OF CRYSTAL GROWTH,1,0
306,BIOCHIMIE,1,0
307,CURRENT TOPICS IN MEDICINAL CHEMISTRY,3,0
308,GENOME RESEARCH,4,0
309,"ANNUAL REVIEW OF BIOPHYSICS, VOL 41",1,0
310,ANNUAL REVIEW OF CELL BIOLOGY,1,0
311,PLOS GENETICS,1,0
312,NATURE REVIEWS DRUG DISCOVERY,14,0
313,PHARMACOLOGICAL REVIEWS,1,0
314,TRENDS IN MOLECULAR MEDICINE,1,0
315,CURRENT OPINION IN IMMUNOLOGY,1,0
316,ANNUAL REVIEW OF BIOCHEMISTRY,7,0
317,CRITICAL REVIEWS IN BIOCHEMISTRY AND MOLECULAR BIOLOGY,1,0
318,JOURNAL OF BACTERIOLOGY,2,0
319,MICROBIOLOGY AND MOLECULAR BIOLOGY REVIEWS,1,0
320,JOURNAL OF MOLECULAR GRAPHICS,6,0
321,COMMUNICATIONS OF THE ACM,4,0
322,CLINICAL AND EXPERIMENTAL PHARMACOLOGY AND PHYSIOLOGY,1,0
323,PHYSICA STATUS SOLIDI B-BASIC RESEARCH,2,0
324,ORGANOMETALLICS,21,0
325,ADVANCED SYNTHESIS & CATALYSIS,8,0
326,COORDINATION CHEMISTRY REVIEWS,8,0
327,JOURNAL OF PHYSICS C-SOLID STATE PHYSICS,2,0
328,ACTA CRYSTALLOGRAPHICA,1,0
329,JOURNAL OF PHYSICS D-APPLIED PHYSICS,2,0
330,NANOTECHNOLOGY,3,0
331,NEW JOURNAL OF PHYSICS,3,0
332,2D MATERIALS,1,0
333,PHYSICA B & C,1,0
334,JOURNAL OF THE PHYSICAL SOCIETY OF JAPAN,3,0
335,JOURNAL OF MATHEMATICAL PHYSICS,1,0
336,ACTA MECHANICA,1,0
337,ADVANCED ENGINEERING MATERIALS,1,0
338,AIP ADVANCES,1,0
339,ORGANIC ELECTRONICS,1,0
340,ADVANCES IN PHYSICS,1,0
341,EUROPHYSICS LETTERS,3,0
342,ACS PHOTONICS,1,0
343,DIAMOND AND RELATED MATERIALS,2,0
344,JOURNAL OF HARD MATERIALS,1,0
345,APPLIED PHYSICS A-MATERIALS SCIENCE & PROCESSING,1,0
346,JOURNAL OF SUPERCOMPUTING,1,0
347,HIGH PERFORMANCE COMPUTING - HIPC 2003,1,0
348,ANNUAL REVIEW OF CELL AND DEVELOPMENTAL BIOLOGY,1,0
349,PHILOSOPHICAL TRANSACTIONS OF THE ROYAL SOCIETY A-MATHEMATICAL PHYSICAL AND ENGINEERING SCIENCES,2,0
350,PROCEEDINGS OF THE IEEE,4,0
351,JOURNAL OF COMPUTATIONAL PHYSICS,14,0
352,PROTEIN SIMULATIONS,3,0
353,"PARALLEL PROCESSING AND APPLIED MATHEMATICS, PT I",1,0
354,INTERNATIONAL JOURNAL OF PEPTIDE AND PROTEIN RESEARCH,3,0
355,AUSTRALIAN JOURNAL OF CHEMISTRY,6,0
356,COMPUTING IN SCIENCE & ENGINEERING,3,0
357,COMPUTATIONAL AND THEORETICAL CHEMISTRY,1,0
358,CRYSTALS,1,0
359,ZEITSCHRIFT FUR PHYSIKALISCHE CHEMIE-INTERNATIONAL JOURNAL OF RESEARCH IN PHYSICAL CHEMISTRY & CHEMICAL PHYSICS,1,0
360,IONIC LIQUIDS,1,0
361,JOURNAL OF CHEMICAL AND ENGINEERING DATA,1,0
362,ELECTRONIC EFFECTS IN ORGANIC CHEMISTRY,2,0
363,NEW JOURNAL OF CHEMISTRY,4,0
364,GREEN CHEMISTRY,1,0
365,JOURNAL OF CHEMICAL TECHNOLOGY AND BIOTECHNOLOGY,1,0
366,FARADAY DISCUSSIONS,10,0
367,PURE AND APPLIED CHEMISTRY,6,0
368,MULTISCALE MOLECULAR METHODS IN APPLIED CHEMISTRY,2,0
369,ANGEWANDTE CHEMIE-INTERNATIONAL EDITION IN ENGLISH,5,0
370,PROGRESS IN SOLID STATE CHEMISTRY,1,0
371,SCIENCE IN CHINA SERIES B-CHEMISTRY,1,0
372,NANO TODAY,2,0
373,BIOCHIMICA ET BIOPHYSICA ACTA-REVIEWS ON BIOMEMBRANES,1,0
374,PROCEEDINGS OF THE ACM SIGSPATIAL INTERNATIONAL WORKSHOP ON GEOSTREAMING (IWGS) 2012,1,0
375,"ANNUAL REPORTS ON NMR SPECTROSCOPY, VOL 67",1,0
376,THEORETICA CHIMICA ACTA,24,0
377,ACTA CHIMICA ACADEMIAE SCIENTARIUM HUNGARICAE,1,0
378,JOURNAL OF MOLECULAR SPECTROSCOPY,36,0
379,JOURNAL OF NANOPARTICLE RESEARCH,1,0
380,THEOCHEM-JOURNAL OF MOLECULAR STRUCTURE,2,0
381,"ADVANCES IN QUANTUM CHEMISTRY, VOL. 61",1,0
382,JOURNAL OF PHYSICS B-ATOMIC MOLECULAR AND OPTICAL PHYSICS,5,0
383,PROCEEDINGS OF THE ROYAL SOCIETY A-MATHEMATICAL PHYSICAL AND ENGINEERING SCIENCES,1,0
384,CANADIAN JOURNAL OF CHEMISTRY,2,0
385,JOURNAL OF RESEARCH OF THE NATIONAL BUREAU OF STANDARDS,1,0
386,"INTERNATIONAL REVIEW OF CELL AND MOLECULAR BIOLOGY, VOL 284",1,0
387,NATURE METHODS,4,0
388,RNA-A PUBLICATION OF THE RNA SOCIETY,2,0
389,JOURNAL OF BIOMOLECULAR STRUCTURE & DYNAMICS,8,0
390,"NUMERICAL COMPUTER METHODS, PT D",3,0
391,NATURE REVIEWS MOLECULAR CELL BIOLOGY,4,0
392,METHODS,2,0
393,CURRENT OPINION IN MOLECULAR THERAPEUTICS,1,0
394,TRANSACTIONS OF THE FARADAY SOCIETY,2,0
395,ZEITSCHRIFT FUR PHYSIKALISCHE CHEMIE-LEIPZIG,2,0
396,"ADVANCES IN CHEMICAL PHYSICS, VOL XCIII: NEW METHODS IN COMPUTATIONAL QUANTUM MECHANICS",1,0
397,PHYSICAL REVIEW D,3,0
398,ASTRONOMY & ASTROPHYSICS,1,0
399,NUCLEAR PHYSICS B,1,0
400,"APPLIED PARALLEL AND SCIENTIFIC COMPUTING, PT II",1,0
401,REPORTS ON PROGRESS IN PHYSICS,4,0
402,MONTHLY NOTICES OF THE ROYAL ASTRONOMICAL SOCIETY,3,0
403,ANNALS OF PHYSICS,3,0
404,SURFACE SCIENCE,2,0
405,PHYSICA A-STATISTICAL MECHANICS AND ITS APPLICATIONS,1,0
406,"ADVANCES IN CHEMICAL PHYSICS, VOL XCIII",4,0
407,PARALLEL COMPUTING,1,0
408,JOURNAL OF PHOTOCHEMISTRY AND PHOTOBIOLOGY A-CHEMISTRY,6,0
409,CHIMIA,3,0
410,EUROPEAN PHYSICAL JOURNAL D,1,0
411,"REVIEWS IN COMPUTATIONAL CHEMISTRY, VOL 14",2,0
412,PROGRESS OF THEORETICAL PHYSICS SUPPLEMENT,1,0
413,EUROPEAN PHYSICAL JOURNAL B,1,0
414,JOURNAL OF THE ACM,3,0
415,"ADVANCES IN CHEMICAL PHYSICS, VOL 131",1,0
416,"ADVANCES IN POLYMER SCIENCE: VISCOELASTICITY, ATOMISTIC MODELS, STATISTICAL CHEMISTRY",1,0
417,MACROMOLECULAR RAPID COMMUNICATIONS,1,0
418,MACROMOLECULAR THEORY AND SIMULATIONS,1,0
419,MACROMOLECULES,11,0
420,PHYSICS REPORTS-REVIEW SECTION OF PHYSICS LETTERS,3,0
421,CURRENT OPINION IN COLLOID & INTERFACE SCIENCE,1,0
422,ACTA POLYMERICA,2,0
423,TRANSITION METAL CATALYZED ENANTIOSELECTIVE ALLYLIC SUBSTITUTION IN ORGANIC SYNTHESIS,1,0
424,EUROPEAN JOURNAL OF INORGANIC CHEMISTRY,4,0
425,"ELECTRON TRANSFER-FROM ISOLATED MOLECULES TO BIOMOLECULES, PT 1",1,0
426,"ADVANCES IN QUANTUM CHEMISTRY, VOL 36: FROM ELECTRONIC STRUCTURE TO TIME-DEPENDENT PROCESSES",1,0
427,PROCEEDINGS OF THE ROYAL SOCIETY OF LONDON SERIES A-MATHEMATICAL AND PHYSICAL SCIENCES,5,0
428,PROGRESS OF THEORETICAL PHYSICS,1,0
429,DISCUSSIONS OF THE FARADAY SOCIETY,3,0
430,CURRENT ORGANIC CHEMISTRY,3,0
431,PROCEEDINGS OF THE NATIONAL ACADEMY OF SCIENCES OF THE UNITED STATES OF AMERICA-PHYSICAL SCIENCES,1,0
432,"PHYSICA STATUS SOLIDI C - CURRENT TOPICS IN SOLID STATE PHYSICS, VOL 6, NO 1",1,0
433,PROCEEDINGS OF THE ROYAL SOCIETY OF LONDON SERIES A-MATHEMATICAL PHYSICAL AND ENGINEERING SCIENCES,2,0
434,PHILOSOPHICAL MAGAZINE A-PHYSICS OF CONDENSED MATTER STRUCTURE DEFECTS AND MECHANICAL PROPERTIES,1,0
435,JOURNAL OF PHYSICS F-METAL PHYSICS,1,0
436,PHYSICA A,1,0
437,PROGRESS IN MATERIALS SCIENCE,1,0
438,"ANNUAL REVIEW OF PHYSICAL CHEMISTRY, VOL 62",1,0
439,"ADVANCES IN PROTEIN CHEMISTRY, VOL 53",1,0
440,JOURNAL DE PHYSIQUE I,1,0
441,PHARMACOLOGY & THERAPEUTICS,1,0
442,PROTEIN ENGINEERING,3,0
443,JOURNAL OF CHEMICAL INFORMATION AND COMPUTER SCIENCES,69,0
444,NATURE STRUCTURAL & MOLECULAR BIOLOGY,4,0
445,ACS CHEMICAL BIOLOGY,1,0
446,COMBINATORIAL CHEMISTRY & HIGH THROUGHPUT SCREENING,3,0
447,JOURNAL OF MOLECULAR RECOGNITION,1,0
448,MINI-REVIEWS IN MEDICINAL CHEMISTRY,2,0
449,ADVANCED DRUG DELIVERY REVIEWS,4,0
450,JOURNAL OF BIOMOLECULAR SCREENING,2,0
451,FARMACO,1,0
452,CURRENT OPINION IN DRUG DISCOVERY & DEVELOPMENT,5,0
453,CLASSICAL AND THREE-DIMENSIONAL QSAR IN AGROCHEMISTRY,1,0
454,ACS MEDICINAL CHEMISTRY LETTERS,2,0
455,MEDCHEMCOMM,3,0
456,JOURNAL OF CHEMICAL DOCUMENTATION,11,0
457,QSAR & COMBINATORIAL SCIENCE,6,0
458,EXPERT OPINION ON DRUG DISCOVERY,1,0
459,GENOME BIOLOGY,4,0
460,BMC BIOLOGY,1,0
461,CELL BIOCHEMISTRY AND BIOPHYSICS,1,0
462,INTERNATIONAL JOURNAL OF SUPERCOMPUTER APPLICATIONS AND HIGH PERFORMANCE COMPUTING,1,0
463,"ADVANCES IN PROTEIN CHEMISTRY AND STRUCTURAL BIOLOGY, VOL 85: COMPUTATIONAL CHEMISTRY METHODS IN STRUCTURAL BIOLOGY",2,0
464,PROTEIN ENGINEERING DESIGN & SELECTION,1,0
465,COMPARATIVE AND FUNCTIONAL GENOMICS,1,0
466,CURRENT OPINION IN GENETICS & DEVELOPMENT,1,0
467,FRONTIERS IN NUCLEIC ACIDS,1,0
468,NUCLEAR INSTRUMENTS & METHODS IN PHYSICS RESEARCH SECTION B-BEAM INTERACTIONS WITH MATERIALS AND ATOMS,1,0
469,BIOCATALYSIS AND BIOTRANSFORMATION,1,0
470,JOURNAL OF INORGANIC BIOCHEMISTRY,1,0
471,JOURNAL OF BIOLOGICAL INORGANIC CHEMISTRY,5,0
472,ALDRICHIMICA ACTA,1,0
473,GOLD BULLETIN,2,0
474,JOURNAL OF THE ROYAL SOCIETY INTERFACE,2,0
475,IEEE COMPUTER GRAPHICS AND APPLICATIONS,1,0
476,MULTIMEDIA TOOLS AND APPLICATIONS,1,0
477,"ANNUAL REVIEW OF PHYSICAL CHEMISTRY, VOL 61",1,0
478,JOURNAL OF NANOSCIENCE AND NANOTECHNOLOGY,2,0
479,TOPICS IN CURRENT CHEMISTRY-SERIES,1,0
480,CRYSTAL GROWTH & DESIGN,2,0
481,ACTA CHEMICA SCANDINAVICA,2,0
482,HALOGEN BONDING: FUNDAMENTALS AND APPLICATIONS,1,0
483,MODELLING AND SIMULATION IN MATERIALS SCIENCE AND ENGINEERING,2,0
484,JOURNAL OF THE MECHANICS AND PHYSICS OF SOLIDS,2,0
485,THIN SOLID FILMS,2,0
486,JOURNAL OF MICROELECTROMECHANICAL SYSTEMS,3,0
487,JOURNAL OF NANOMATERIALS,1,0
488,PHYSICA B-CONDENSED MATTER,1,0
489,PHILOSOPHICAL MAGAZINE,2,0
490,INTERNATIONAL JOURNAL OF PLASTICITY,1,0
491,BIOSENSORS & BIOELECTRONICS,3,0
492,INTERNATIONAL JOURNAL FOR NUMERICAL METHODS IN ENGINEERING,1,0
493,MATERIALS SCIENCE AND ENGINEERING B-SOLID STATE MATERIALS FOR ADVANCED TECHNOLOGY,1,0
494,JOURNAL OF MATERIALS RESEARCH,2,0
495,JOURNAL OF MICROMECHANICS AND MICROENGINEERING,3,0
496,MICROELECTRONIC ENGINEERING,1,0
497,EUROPEAN JOURNAL OF MECHANICS A-SOLIDS,1,0
498,FRONTIERS IN QUANTUM SYSTEMS IN CHEMISTRY AND PHYSICS,1,0
499,JOURNAL OF STATISTICAL MECHANICS-THEORY AND EXPERIMENT,2,0
500,JOURNAL OF MOLECULAR LIQUIDS,1,0
501,SCIDAC 2009: SCIENTIFIC DISCOVERY THROUGH ADVANCED COMPUTING,1,0
502,MODELING AND SIMULATION FOR DEFENSE SYSTEMS AND APPLICATIONS V,1,0
503,"HIGH PERFORMANCE COMPUTING - HIPC 2006, PROCEEDINGS",1,0
504,IEEE-ACM TRANSACTIONS ON COMPUTATIONAL BIOLOGY AND BIOINFORMATICS,2,0
505,AMERICAN JOURNAL OF HUMAN GENETICS,2,0
506,PROCEEDINGS OF THE NATIONAL ACADEMY OF SCIENCES OF THE UNITED STATES OF AMERICA-BIOLOGICAL SCIENCES,5,0
507,NEUROCOMPUTING,3,0
508,JOURNAL OF STATISTICAL PHYSICS,1,0
509,"ADVANCES IN QUANTUM CHEMISTRY, VOL 59: COMBINING QUANTUM MECHANICS AND MOLECULAR MECHANICS - SOME RECENT PROGRESSES IN QM/MM METHODS",1,0
510,ACTA CRYSTALLOGRAPHICA SECTION C-CRYSTAL STRUCTURE COMMUNICATIONS,1,0
511,SYNTHETIC METALS,1,0
512,RADIATION RESEARCH,1,0
513,ACTA CRYSTALLOGRAPHICA SECTION B-STRUCTURAL SCIENCE,8,0
514,IMA JOURNAL OF NUMERICAL ANALYSIS,1,0
515,"ADVANCES IN QUANTUM CHEMISTRY, VOL 34",1,0
516,NATURE PROTOCOLS,3,0
517,BMC GENOMICS,1,0
518,MOLECULAR & CELLULAR PROTEOMICS,3,0
519,JOURNAL OF PROTEOME RESEARCH,1,0
520,JOURNAL OF MOLECULAR CATALYSIS A-CHEMICAL,2,0
521,PRINCIPLES AND APPLICATIONS OF DENSITY FUNCTIONAL THEORY IN INORGANIC CHEMISTRY I,1,0
522,JOURNAL OF PHARMACEUTICAL SCIENCES,2,0
523,QUANTITATIVE STRUCTURE-ACTIVITY RELATIONSHIPS,4,0
524,MEDICINAL CHEMISTRY RESEARCH,1,0
525,ADVANCES IN PROTEIN CHEMISTRY,1,0
526,EXPERT OPINION ON DRUG METABOLISM & TOXICOLOGY,1,0
527,REGULATORY TOXICOLOGY AND PHARMACOLOGY,3,0
528,PERSPECTIVES IN DRUG DISCOVERY AND DESIGN,1,0
529,VIROLOGY,1,0
530,INDIAN JOURNAL OF CHEMISTRY SECTION B-ORGANIC CHEMISTRY INCLUDING MEDICINAL CHEMISTRY,1,0
531,SIAM JOURNAL ON SCIENTIFIC AND STATISTICAL COMPUTING,1,0
532,"ADVANCES IN QUANTUM CHEMISTRY, VOL 50: A TRIBUTE TO JAN LINDERBERG AND POUL JORGENSEN",1,0
533,QUARTERLY REVIEWS,1,0
534,JOURNAL OF MAGNETIC RESONANCE,2,0
535,"NUCLEAR MAGNETIC RESONANCE OF BIOLOGICAL MACROMOLECULES, PT B",2,0
536,ACTA BIOCHIMICA POLONICA,1,0
537,BIOCHEMISTRY AND CELL BIOLOGY-BIOCHIMIE ET BIOLOGIE CELLULAIRE,1,0
538,CANADIAN JOURNAL OF PHYSICS,1,0
539,JOURNAL OF MOLECULAR STRUCTURE,2,0
540,ADVANCES IN CHEMICAL PHYSICS,4,0
541,JOURNAL OF QUANTITATIVE SPECTROSCOPY & RADIATIVE TRANSFER,1,0
542,"ADVANCES IN CHEMICAL PHYSICS, VOL 104",1,0
543,COMPUTER PHYSICS REPORTS,2,0
544,JOURNAL OF THE CHEMICAL SOCIETY-FARADAY TRANSACTIONS II,1,0
545,METHODS IN COMPUTATIONAL MOLECULAR PHYSICS,1,0
546,SPECTROCHIMICA ACTA PART A-MOLECULAR AND BIOMOLECULAR SPECTROSCOPY,2,0
547,"ADVANCES IN QUANTUM CHEMISTRY, VOL 48",1,0
548,JOURNAL OF THE CHEMICAL SOCIETY A -INORGANIC PHYSICAL THEORETICAL,1,0
549,IBM JOURNAL OF RESEARCH AND DEVELOPMENT,1,0
550,JOURNAL OF CELL SCIENCE,1,0
551,INORGANICA CHIMICA ACTA,3,0
552,HYPERFINE INTERACTIONS,1,0
553,ATLA-ALTERNATIVES TO LABORATORY ANIMALS,1,0
554,JOURNAL OF CHEMOMETRICS,1,0
555,COMMUNICATIONS ON PURE AND APPLIED MATHEMATICS,1,0
556,ADVANCES IN QUANTUM CHEMISTRY,1,0
557,COLLECTION OF CZECHOSLOVAK CHEMICAL COMMUNICATIONS,1,0
558,LIEBIGS ANNALEN DER CHEMIE,1,0
559,CHEMISCHE BERICHTE-RECUEIL,1,0
560,TRANSITION METAL COMPLEXES OF NEUTRAL ETA1-CARBON LIGANDS,1,0
561,JOURNAL OF THE CHEMICAL SOCIETY-CHEMICAL COMMUNICATIONS,1,0
562,ESAIM-MATHEMATICAL MODELLING AND NUMERICAL ANALYSIS-MODELISATION MATHEMATIQUE ET ANALYSE NUMERIQUE,1,0
563,"SUPERCOMPUTING '94, PROCEEDINGS",1,0
564,IBM SYSTEMS JOURNAL,1,0
565,HELVETICA CHIMICA ACTA,1,0
566,JOURNAL OF INORGANIC & NUCLEAR CHEMISTRY,2,0
567,POLYHEDRON,1,0
568,JOURNAL OF ORGANOMETALLIC CHEMISTRY,1,0
569,ACM COMPUTING SURVEYS,1,0
570,COMPUTER,1,0
571,IEEE TRANSACTIONS ON INFORMATION THEORY,1,0
572,NATURE GENETICS,1,0
573,"MACROMOLECULAR CRYSTALLOGRAPHY, PT B",1,0
574,ACTA CHEMICA SCANDINAVICA SERIES A-PHYSICAL AND INORGANIC CHEMISTRY,1,0
575,OPTICS LETTERS,1,0
576,ACTA CRYSTALLOGRAPHICA SECTION E-STRUCTURE REPORTS ONLINE,1,0
577,EMBO JOURNAL,2,0
578,GENETICA,1,0
579,PHYSICS WORLD,1,0
580,BIOCONJUGATE CHEMISTRY,1,0
581,IEEE TRANSACTIONS ON VISUALIZATION AND COMPUTER GRAPHICS,1,0
582,CHEMISTRY & BIOLOGY,3,0
583,PHILOSOPHICAL TRANSACTIONS OF THE ROYAL SOCIETY B-BIOLOGICAL SCIENCES,2,0
584,BIOCHIMICA ET BIOPHYSICA ACTA-BIOENERGETICS,1,0
585,APPLIED AND ENVIRONMENTAL MICROBIOLOGY,1,0
586,BIOORGANIC CHEMISTRY,1,0
587,COMPTES RENDUS CHIMIE,1,0
588,JOURNAL OF PHYSICAL ORGANIC CHEMISTRY,1,0
589,NOUVEAU JOURNAL DE CHIMIE-NEW JOURNAL OF CHEMISTRY,1,0
590,JOURNAL OF THE CHEMICAL SOCIETY,1,0
591,ACTA CRYSTALLOGRAPHICA SECTION B-STRUCTURAL SCIENCE CRYSTAL ENGINEERING AND MATERIALS,1,0
592,CRYSTALLOGRAPHY REVIEWS,1,0
593,JOURNAL OF APPLIED CRYSTALLOGRAPHY,5,0
594,"PROGRESS IN PARTICLE AND NUCLEAR PHYSICS, VOL 52, NO 2",1,0
595,AUSTRALIAN JOURNAL OF PHYSICS,1,0
596,FOLDING & DESIGN,2,0
597,ELASTIC FILAMENTS OF THE CELL,1,0
598,POLYMER,1,0
599,"ADVANCES IN CHEMICAL PHYSICS, VOLUME 121",1,0
600,JAHN-TELLER EFFECT: FUNDAMENTALS AND IMPLICATIONS FOR PHYSICS AND CHEMISTRY,2,0
601,APPLIED PHYSICS B-LASERS AND OPTICS,1,0
602,JOURNAL OF MODERN OPTICS,2,0
603,QUANTUM DYNAMICS OF COMPLEX MOLECULAR SYSTEMS,1,0
604,"REVIEWS IN COMPUTATIONAL CHEMISTRY, VOL 15",2,0
605,ROLE OF DEGENERATE STATES IN CHEMISTRY,1,0
606,PROCEEDINGS OF THE INDIAN ACADEMY OF SCIENCES-CHEMICAL SCIENCES,1,0
607,JOURNAL OF THE OPTICAL SOCIETY OF AMERICA,1,0
608,ZEITSCHRIFT FUR NATURFORSCHUNG PART A-ASTROPHYSIK PHYSIK UND PHYSIKALISCHE CHEMIE,1,0
609,PROGRESS IN NUCLEAR MAGNETIC RESONANCE SPECTROSCOPY,3,0
610,"NUCLEAR MAGNETIC RESONANCE OF BIOLOGICAL MACROMOLECULES, PART C",1,0
611,EMBO REPORTS,1,0
612,"ANNUAL REVIEW OF BIOPHYSICS, VOL 39",1,0
613,CURRENT OPINION IN CELL BIOLOGY,1,0
614,MASS SPECTROMETRY REVIEWS,1,0
615,STRUCTURAL CHEMISTRY,3,0
616,CROATICA CHEMICA ACTA,1,0
617,ENVIRONMENTAL HEALTH PERSPECTIVES,1,0
618,"ADVANCES IN PHYSICAL ORGANIC CHEMISTRY, VOL 40",2,0
619,"REVIEWS IN COMPUTATIONAL CHEMISTRY, VOL 20",1,0
620,PROGRESS IN PHYSICAL ORGANIC CHEMISTRY,1,0
621,INFORMATION STORAGE AND RETRIEVAL,3,0
622,ORGANIC MAGNETIC RESONANCE,1,0
623,JOURNAL OF THE CHEMICAL SOCIETY C-ORGANIC,1,0
624,PROCEEDINGS OF THE ROYAL SOCIETY SERIES B-BIOLOGICAL SCIENCES,1,0
625,CHEMOMETRICS AND INTELLIGENT LABORATORY SYSTEMS,1,0
626,DRUG DEVELOPMENT RESEARCH,1,0
627,JOURNAL OF COMBINATORIAL CHEMISTRY,1,0
628,JOURNAL OF THE AMERICAN SOCIETY FOR INFORMATION SCIENCE,1,0
629,ANNUAL REVIEW OF INFORMATION SCIENCE AND TECHNOLOGY,1,0
630,ASLIB PROCEEDINGS,1,0
631,JOURNAL OF INFORMATION SCIENCE,1,0
632,ARTIFICIAL INTELLIGENCE,1,0
633,NATURE REVIEWS GENETICS,3,0
634,JOURNAL OF THE AMERICAN SOCIETY FOR INFORMATION SCIENCE AND TECHNOLOGY,1,0
635,COMPUTING,1,0
636,SIAM JOURNAL ON COMPUTING,1,0
637,OPERATIONS RESEARCH LETTERS,2,0
638,"GRAPH BASED REPRESENTATIONS IN PATTERN RECOGNITION, PROCEEDINGS",1,0
639,COMPUTER APPLICATIONS IN THE BIOSCIENCES,1,0
640,IEEE TRANSACTIONS ON PATTERN ANALYSIS AND MACHINE INTELLIGENCE,2,0
641,ALGORITHMICA,1,0
642,ZEITSCHRIFT FUR NATURFORSCHUNG SECTION A-A JOURNAL OF PHYSICAL SCIENCES,1,0
643,MOLECULAR DIVERSITY,1,0
644,IN SILICO SIMULATION OF BIOLOGICAL PROCESSES,1,0
645,THEORETICAL COMPUTER SCIENCE,1,0
646,SOFTWARE-PRACTICE & EXPERIENCE,1,0
647,COMPUTER JOURNAL,1,0
648,OPERATIONS RESEARCH,1,0
649,IMAGE AND VISION COMPUTING,1,0
650,ANNUAL REVIEW OF BIOPHYSICS AND BIOENGINEERING,2,0
651,PLOS BIOLOGY,1,0
652,CURRENT OPINION IN BIOTECHNOLOGY,1,0
653,RNA,1,0
654,"MACROMOLECULAR CRYSTALLOGRAPHY, PT D",1,0
655,CHIRALITY,2,0
656,SYNTHESIS-STUTTGART,1,0
657,JOURNAL OF CATALYSIS,1,0
