ISSN,TITLE,TOT_DEGREE,TOT_ART
1553-734X,PLoS Computational Biology,5,0
1367-4803,BIOINFORMATICS,12,0
1752-0509,BMC Systems Biology,0,0
1471-2105,BMC BIOINFORMATICS,2,0
0303-6812,JOURNAL OF MATHEMATICAL BIOLOGY,0,0
1748-7188,Algorithms for Molecular Biology,0,0
1465-4644,BIOSTATISTICS,62,0
1176-9343,Evolutionary Bioinformatics,0,0
1662-5188,Frontiers in Computational Neuroscience,0,0
0022-5193,JOURNAL OF THEORETICAL BIOLOGY,3,0
0277-6715,STATISTICS IN MEDICINE,710,2507
0929-5313,JOURNAL OF COMPUTATIONAL NEUROSCIENCE,0,0
1093-3263,JOURNAL OF MOLECULAR GRAPHICS & MODELLING,0,0
0092-8240,BULLETIN OF MATHEMATICAL BIOLOGY,0,0
0006-3444,BIOMETRIKA,209,0
0140-0118,MEDICAL & BIOLOGICAL ENGINEERING & COMPUTING,0,0
0962-2802,STATISTICAL METHODS IN MEDICAL RESEARCH,49,0
0006-341X,BIOMETRICS,406,0
1751-8849,IET Systems Biology,0,0
1089-7771,IEEE TRANSACTIONS ON INFORMATION TECHNOLOGY IN BIOMEDICINE,0,0
1793-5245,International Journal of Biomathematics,0,0
1742-4682,Theoretical Biology and Medical Modelling,0,0
1066-5277,JOURNAL OF COMPUTATIONAL BIOLOGY,0,0
0025-5564,MATHEMATICAL BIOSCIENCES,1,0
1062-936X,SAR AND QSAR IN ENVIRONMENTAL RESEARCH,0,0
0323-3847,BIOMETRICAL JOURNAL,75,0
1477-8599,MATHEMATICAL MEDICINE AND BIOLOGY-A JOURNAL OF THE IMA,0,0
0010-4825,COMPUTERS IN BIOLOGY AND MEDICINE,1,0
1574-8936,Current Bioinformatics,0,0
1748-670X,Computational and Mathematical Methods in Medicine,0,0
1085-7117,JOURNAL OF AGRICULTURAL BIOLOGICAL AND ENVIRONMENTAL STATISTICS,3,0
0973-5348,Mathematical Modelling of Natural Phenomena,0,0
1748-5673,International Journal of Data Mining and Bioinformatics,0,0
1938-7989,Statistics and Its Interface,6,0
0218-3390,JOURNAL OF BIOLOGICAL SYSTEMS,0,0
2040-7939,International Journal for Numerical Methods in Biomedical Engineering,0,0
1868-1743,Molecular Informatics,0,0
1467-5463,BRIEFINGS IN BIOINFORMATICS,0,0
1758-0463,Database-The Journal of Biological Databases and Curation,0,0
0303-2647,BIOSYSTEMS,0,0
0001-5342,ACTA BIOTHEORETICA,0,0
2194-573X,International Journal of Biostatistics,10,0
1547-1063,Mathematical Biosciences and Engineering,0,0
1431-7613,THEORY IN BIOSCIENCES,0,0
1946-6315,Statistics in Biopharmaceutical Research,21,0
0385-4035,Hokkaido Mathematical Journal,0,0
1759-0876,Wiley Interdisciplinary Reviews-Computational Molecular Science,0,0
2156-7018,Journal of Medical Imaging and Health Informatics,0,0
1756-0381,BioData Mining,1,0
2194-6302,Statistical Applications in Genetics and Molecular Biology,1,0
0219-7200,Journal of Bioinformatics and Computational Biology,0,0
1913-2751,Interdisciplinary Sciences-Computational Life Sciences,0,0
2168-2194,IEEE Journal of Biomedical and Health Informatics,0,0
1759-2879,Research Synthesis Methods,14,0
1662-5196,Frontiers in Neuroinformatics,0,0
2041-1480,Journal of Biomedical Semantics,0,0
1751-3758,Journal of Biological Dynamics,0,0
1687-5265,Computational Intelligence and Neuroscience,0,0
0741-0395,GENETIC EPIDEMIOLOGY,23,0
0028-4793,NEW ENGLAND JOURNAL OF MEDICINE,46,0
1551-7144,CONTEMPORARY CLINICAL TRIALS,22,0
0090-5364,ANNALS OF STATISTICS,87,0
0021-9738,JOURNAL OF CLINICAL INVESTIGATION,1,0
0162-1459,JOURNAL OF THE AMERICAN STATISTICAL ASSOCIATION,316,0
0003-1305,AMERICAN STATISTICIAN,26,0
1539-1604,PHARMACEUTICAL STATISTICS,32,0
1550-7416,AAPS JOURNAL,6,0
0022-3573,JOURNAL OF PHARMACY AND PHARMACOLOGY,1,0
0724-8741,PHARMACEUTICAL RESEARCH,7,0
0031-6970,EUROPEAN JOURNAL OF CLINICAL PHARMACOLOGY,3,0
0312-5963,CLINICAL PHARMACOKINETICS,2,0
1369-7412,JOURNAL OF THE ROYAL STATISTICAL SOCIETY SERIES B-STATISTICAL METHODOLOGY,99,0
1528-4336,HIV CLINICAL TRIALS,2,0
0140-6736,LANCET,26,0
1932-6203,PLOS ONE,28,0
1054-3406,JOURNAL OF BIOPHARMACEUTICAL STATISTICS,47,0
0883-4237,STATISTICAL SCIENCE,38,0
2331-1835,COGENT MATHEMATICS,1,0
0021-9681,JOURNAL OF CHRONIC DISEASES,4,0
0964-1998,JOURNAL OF THE ROYAL STATISTICAL SOCIETY SERIES A-STATISTICS IN SOCIETY,17,0
0378-3758,JOURNAL OF STATISTICAL PLANNING AND INFERENCE,33,0
1474-4422,LANCET NEUROLOGY,8,0
0036-8075,SCIENCE,14,0
0364-5134,ANNALS OF NEUROLOGY,6,0
0006-8950,BRAIN,3,0
0148-396X,NEUROSURGERY,1,0
0896-6273,NEURON,4,0
1935-861X,BRAIN STIMULATION,1,0
0014-4886,EXPERIMENTAL NEUROLOGY,1,0
1388-2457,CLINICAL NEUROPHYSIOLOGY,1,0
0035-9246,JOURNAL OF THE ROYAL STATISTICAL SOCIETY SERIES B-METHODOLOGICAL,44,0
0960-3174,STATISTICS AND COMPUTING,25,0
0094-9655,JOURNAL OF STATISTICAL COMPUTATION AND SIMULATION,15,0
1060-0280,ANNALS OF PHARMACOTHERAPY,2,0
0006-2952,BIOCHEMICAL PHARMACOLOGY,1,0
0162-8828,IEEE TRANSACTIONS ON PATTERN ANALYSIS AND MACHINE INTELLIGENCE,4,0
0035-9254,JOURNAL OF THE ROYAL STATISTICAL SOCIETY SERIES C-APPLIED STATISTICS,48,0
0012-9658,ECOLOGY,1,0
0167-9473,COMPUTATIONAL STATISTICS & DATA ANALYSIS,53,0
1567-567X,JOURNAL OF PHARMACOKINETICS AND PHARMACODYNAMICS,3,0
1672-3651,CHINESE JOURNAL OF NATURAL MEDICINES,1,0
0021-9606,JOURNAL OF CHEMICAL PHYSICS,1,0
0022-3549,JOURNAL OF PHARMACEUTICAL SCIENCES,1,0
0003-4851,ANNALS OF MATHEMATICAL STATISTICS,16,0
0090-466X,JOURNAL OF PHARMACOKINETICS AND BIOPHARMACEUTICS,7,0
1471-082X,STATISTICAL MODELLING,14,0
0040-1706,TECHNOMETRICS,17,0
1061-8600,JOURNAL OF COMPUTATIONAL AND GRAPHICAL STATISTICS,25,0
0301-5661,COMMUNITY DENTISTRY AND ORAL EPIDEMIOLOGY,1,0
1044-3983,EPIDEMIOLOGY,53,0
1532-4435,JOURNAL OF MACHINE LEARNING RESEARCH,9,0
0002-9262,AMERICAN JOURNAL OF EPIDEMIOLOGY,89,0
0167-5877,PREVENTIVE VETERINARY MEDICINE,3,0
0895-4356,JOURNAL OF CLINICAL EPIDEMIOLOGY,42,0
0959-8138,BRITISH MEDICAL JOURNAL,11,0
0095-1137,JOURNAL OF CLINICAL MICROBIOLOGY,4,0
1475-2891,NUTRITION JOURNAL,1,0
1559-0631,JOURNAL OF EXPOSURE SCIENCE AND ENVIRONMENTAL EPIDEMIOLOGY,1,0
1386-6532,JOURNAL OF CLINICAL VIROLOGY,1,0
0958-7578,TRANSFUSION MEDICINE,1,0
0269-283X,MEDICAL AND VETERINARY ENTOMOLOGY,1,0
1017-0405,STATISTICA SINICA,48,0
0030-364X,OPERATIONS RESEARCH,2,0
0105-1873,CONTACT DERMATITIS,1,0
0070-3370,DEMOGRAPHY,7,0
1047-2797,ANNALS OF EPIDEMIOLOGY,5,0
0020-3157,ANNALS OF THE INSTITUTE OF STATISTICAL MATHEMATICS,10,0
0032-4728,POPULATION STUDIES-A JOURNAL OF DEMOGRAPHY,1,0
0042-9686,BULLETIN OF THE WORLD HEALTH ORGANIZATION,2,0
0304-4076,JOURNAL OF ECONOMETRICS,11,0
0090-0036,AMERICAN JOURNAL OF PUBLIC HEALTH,14,0
1435-9871,DEMOGRAPHIC RESEARCH,2,0
0034-8910,REVISTA DE SAUDE PUBLICA,1,0
0165-1765,ECONOMICS LETTERS,1,0
1643-3750,MEDICAL SCIENCE MONITOR,1,0
0306-7734,INTERNATIONAL STATISTICAL REVIEW,11,0
1048-5252,JOURNAL OF NONPARAMETRIC STATISTICS,5,0
0303-6898,SCANDINAVIAN JOURNAL OF STATISTICS,31,0
0886-3350,JOURNAL OF CATARACT AND REFRACTIVE SURGERY,1,0
1471-2334,BMC INFECTIOUS DISEASES,1,0
0735-0015,JOURNAL OF BUSINESS & ECONOMIC STATISTICS,6,0
0047-259X,JOURNAL OF MULTIVARIATE ANALYSIS,19,0
0034-6535,REVIEW OF ECONOMICS AND STATISTICS,4,0
0027-8424,PROCEEDINGS OF THE NATIONAL ACADEMY OF SCIENCES OF THE UNITED STATES OF AMERICA,14,0
0167-7152,STATISTICS & PROBABILITY LETTERS,25,0
1473-3099,LANCET INFECTIOUS DISEASES,2,0
0002-9637,AMERICAN JOURNAL OF TROPICAL MEDICINE AND HYGIENE,2,0
1678-4464,CADERNOS DE SAUDE PUBLICA,1,0
0037-8682,REVISTA DA SOCIEDADE BRASILEIRA DE MEDICINA TROPICAL,1,0
1750-2640,INFLUENZA AND OTHER RESPIRATORY VIRUSES,1,0
0028-0836,NATURE,12,0
1935-2727,PLOS NEGLECTED TROPICAL DISEASES,1,0
0091-6765,ENVIRONMENTAL HEALTH PERSPECTIVES,13,0
0003-0007,BULLETIN OF THE AMERICAN METEOROLOGICAL SOCIETY,1,0
1932-6157,ANNALS OF APPLIED STATISTICS,32,0
0936-577X,CLIMATE RESEARCH,1,0
0036-8733,SCIENTIFIC AMERICAN,1,0
1558-8424,JOURNAL OF APPLIED METEOROLOGY AND CLIMATOLOGY,1,0
1931-6690,BAYESIAN ANALYSIS,17,0
0300-5771,INTERNATIONAL JOURNAL OF EPIDEMIOLOGY,45,0
0002-9602,AMERICAN JOURNAL OF SOCIOLOGY,6,0
1873-9318,AIR QUALITY ATMOSPHERE AND HEALTH,1,0
1180-4009,ENVIRONMETRICS,4,0
0899-8418,INTERNATIONAL JOURNAL OF CLIMATOLOGY,1,0
0163-7525,ANNUAL REVIEW OF PUBLIC HEALTH,5,0
1352-8505,ENVIRONMENTAL AND ECOLOGICAL STATISTICS,4,0
1935-7524,ELECTRONIC JOURNAL OF STATISTICS,7,0
0361-0926,COMMUNICATIONS IN STATISTICS-THEORY AND METHODS,19,0
1043-6618,PHARMACOLOGICAL RESEARCH,1,0
1133-0686,TEST,8,0
0269-9370,AIDS,2,0
1572-3127,STATISTICAL METHODOLOGY,2,0
0012-9682,ECONOMETRICA,24,0
0003-990X,ARCHIVES OF GENERAL PSYCHIATRY,2,0
0884-8734,JOURNAL OF GENERAL INTERNAL MEDICINE,2,0
0098-7484,JAMA-JOURNAL OF THE AMERICAN MEDICAL ASSOCIATION,21,0
1091-4269,DEPRESSION AND ANXIETY,1,0
1078-0432,CLINICAL CANCER RESEARCH,10,0
0959-8049,EUROPEAN JOURNAL OF CANCER,6,0
0732-183X,JOURNAL OF CLINICAL ONCOLOGY,32,0
0027-8874,JOURNAL OF THE NATIONAL CANCER INSTITUTE,12,0
0190-1206,CANCER CLINICAL TRIALS,1,0
1474-1776,NATURE REVIEWS DRUG DISCOVERY,1,0
1083-7159,ONCOLOGIST,1,0
0903-1936,EUROPEAN RESPIRATORY JOURNAL,1,0
0003-4800,ANNALS OF HUMAN GENETICS,6,0
1061-4036,NATURE GENETICS,11,0
1073-449X,AMERICAN JOURNAL OF RESPIRATORY AND CRITICAL CARE MEDICINE,4,0
0016-6731,GENETICS,2,0
1471-0056,NATURE REVIEWS GENETICS,9,0
1549-1676,PLOS MEDICINE,4,0
1532-0464,JOURNAL OF BIOMEDICAL INFORMATICS,2,0
0305-7453,JOURNAL OF ANTIMICROBIAL CHEMOTHERAPY,1,0
8755-7223,JOURNAL OF PROFESSIONAL NURSING,1,0
0029-6562,NURSING RESEARCH,1,0
0963-8172,QUALITY IN HEALTH CARE,1,0
1554-351X,BEHAVIOR RESEARCH METHODS,1,0
0277-9536,SOCIAL SCIENCE & MEDICINE,10,0
1471-2458,BMC PUBLIC HEALTH,2,0
0066-4804,ANTIMICROBIAL AGENTS AND CHEMOTHERAPY,1,0
1527-6546,JOURNAL OF NURSING SCHOLARSHIP,1,0
1756-1833,BMJ-BRITISH MEDICAL JOURNAL,8,0
1536-867X,STATA JOURNAL,12,0
0924-8579,INTERNATIONAL JOURNAL OF ANTIMICROBIAL AGENTS,1,0
0195-6701,JOURNAL OF HOSPITAL INFECTION,1,0
1876-2859,ACADEMIC PEDIATRICS,1,0
0266-4623,INTERNATIONAL JOURNAL OF TECHNOLOGY ASSESSMENT IN HEALTH CARE,2,0
1386-7423,MEDICINE HEALTH CARE AND PHILOSOPHY,1,0
1058-4838,CLINICAL INFECTIOUS DISEASES,3,0
0022-0663,JOURNAL OF EDUCATIONAL PSYCHOLOGY,5,0
0027-3171,MULTIVARIATE BEHAVIORAL RESEARCH,10,0
0266-4763,JOURNAL OF APPLIED STATISTICS,14,0
0039-0402,STATISTICA NEERLANDICA,1,0
0885-3924,JOURNAL OF PAIN AND SYMPTOM MANAGEMENT,1,0
0959-8146,BRITISH MEDICAL JOURNAL,5,0
1752-296X,CURRENT OPINION IN ENDOCRINOLOGY DIABETES AND OBESITY,1,0
0393-2990,EUROPEAN JOURNAL OF EPIDEMIOLOGY,7,0
0009-9147,CLINICAL CHEMISTRY,6,0
0956-7976,PSYCHOLOGICAL SCIENCE,1,0
0964-6906,HUMAN MOLECULAR GENETICS,3,0
0003-9861,ARCHIVES OF BIOCHEMISTRY AND BIOPHYSICS,1,0
2213-8587,LANCET DIABETES & ENDOCRINOLOGY,1,0
1355-6037,HEART,1,0
1548-7660,JOURNAL OF STATISTICAL SOFTWARE,32,0
0272-989X,MEDICAL DECISION MAKING,17,0
1471-2288,BMC MEDICAL RESEARCH METHODOLOGY,29,0
1462-8910,COLORECTAL DISEASE,1,0
1380-7870,LIFETIME DATA ANALYSIS,31,0
0143-005X,JOURNAL OF EPIDEMIOLOGY AND COMMUNITY HEALTH,14,0
0167-6806,BREAST CANCER RESEARCH AND TREATMENT,1,0
0196-5204,SIAM JOURNAL ON SCIENTIFIC AND STATISTICAL COMPUTING,2,0
0169-2607,COMPUTER METHODS AND PROGRAMS IN BIOMEDICINE,3,0
0002-9394,AMERICAN JOURNAL OF OPHTHALMOLOGY,2,0
0092-8615,DRUG INFORMATION JOURNAL,10,0
0197-2456,CONTROLLED CLINICAL TRIALS,15,0
1740-7745,CLINICAL TRIALS,12,0
0002-953X,AMERICAN JOURNAL OF PSYCHIATRY,4,0
1470-2045,LANCET ONCOLOGY,8,0
2168-4790,THERAPEUTIC INNOVATION & REGULATORY SCIENCE,2,0
1470-269X,PHARMACOGENOMICS JOURNAL,1,0
1557-4679,INTERNATIONAL JOURNAL OF BIOSTATISTICS,5,0
0003-4819,ANNALS OF INTERNAL MEDICINE,13,0
0009-7322,CIRCULATION,14,0
1472-6947,BMC MEDICAL INFORMATICS AND DECISION MAKING,1,0
0008-543X,CANCER,6,0
0003-9926,ARCHIVES OF INTERNAL MEDICINE,3,0
1471-2350,BMC MEDICAL GENETICS,2,0
1055-9965,CANCER EPIDEMIOLOGY BIOMARKERS & PREVENTION,9,0
0002-9297,AMERICAN JOURNAL OF HUMAN GENETICS,12,0
1465-5411,BREAST CANCER RESEARCH,1,0
0030-5073,ORGANIZATIONAL BEHAVIOR AND HUMAN PERFORMANCE,2,0
0885-6125,MACHINE LEARNING,6,0
0033-8419,RADIOLOGY,8,0
0022-3085,JOURNAL OF NEUROSURGERY,3,0
0022-5347,JOURNAL OF UROLOGY,2,0
0803-5253,ACTA PAEDIATRICA,1,0
1464-4096,BJU INTERNATIONAL,1,0
1549-1277,PLOS MEDICINE,2,0
0361-0918,COMMUNICATIONS IN STATISTICS-SIMULATION AND COMPUTATION,11,0
0090-3493,CRITICAL CARE MEDICINE,3,0
0022-4065,JOURNAL OF QUALITY TECHNOLOGY,5,0
0883-9441,JOURNAL OF CRITICAL CARE,1,0
1352-0504,JOURNAL OF VIRAL HEPATITIS,1,0
2074-1804,IRANIAN RED CRESCENT MEDICAL JOURNAL,1,0
0959-535X,BRITISH MEDICAL JOURNAL,8,0
0897-7151,JOURNAL OF NEUROTRAUMA,1,0
0022-3514,JOURNAL OF PERSONALITY AND SOCIAL PSYCHOLOGY,3,0
1076-9986,JOURNAL OF EDUCATIONAL AND BEHAVIORAL STATISTICS,3,0
0033-3123,PSYCHOMETRIKA,16,0
0091-0635,JOURNAL OF RESEARCH OF THE NATIONAL BUREAU OF STANDARDS,2,0
0098-3500,ACM TRANSACTIONS ON MATHEMATICAL SOFTWARE,1,0
1351-0711,OCCUPATIONAL AND ENVIRONMENTAL MEDICINE,8,0
0020-7136,INTERNATIONAL JOURNAL OF CANCER,3,0
0319-5724,CANADIAN JOURNAL OF STATISTICS-REVUE CANADIENNE DE STATISTIQUE,22,0
0895-7177,MATHEMATICAL AND COMPUTER MODELLING,1,0
0957-4832,JOURNAL OF PUBLIC HEALTH MEDICINE,1,0
0007-0920,BRITISH JOURNAL OF CANCER,5,0
0033-7587,RADIATION RESEARCH,1,0
1359-6446,DRUG DISCOVERY TODAY,1,0
0272-4332,RISK ANALYSIS,1,0
0007-1102,BRITISH JOURNAL OF MATHEMATICAL & STATISTICAL PSYCHOLOGY,9,0
0021-9010,JOURNAL OF APPLIED PSYCHOLOGY,1,0
0891-3668,PEDIATRIC INFECTIOUS DISEASE JOURNAL,1,0
0735-1097,JOURNAL OF THE AMERICAN COLLEGE OF CARDIOLOGY,5,0
0965-2140,ADDICTION,2,0
1466-609X,CRITICAL CARE,3,0
0033-5177,QUALITY & QUANTITY,3,0
0013-1644,EDUCATIONAL AND PSYCHOLOGICAL MEASUREMENT,4,0
1082-989X,PSYCHOLOGICAL METHODS,14,0
0360-3016,INTERNATIONAL JOURNAL OF RADIATION ONCOLOGY BIOLOGY PHYSICS,1,0
1525-4135,JAIDS-JOURNAL OF ACQUIRED IMMUNE DEFICIENCY SYNDROMES,3,0
0195-668X,EUROPEAN HEART JOURNAL,4,0
0049-1241,SOCIOLOGICAL METHODS & RESEARCH,11,0
2159-8274,CANCER DISCOVERY,1,0
1078-8956,NATURE MEDICINE,1,0
0263-2136,FAMILY PRACTICE,1,0
1559-3258,DOSE-RESPONSE,1,0
1946-6234,SCIENCE TRANSLATIONAL MEDICINE,3,0
1352-2310,ATMOSPHERIC ENVIRONMENT,1,0
0018-9529,IEEE TRANSACTIONS ON RELIABILITY,1,0
1555-9041,CLINICAL JOURNAL OF THE AMERICAN SOCIETY OF NEPHROLOGY,2,0
1046-6673,JOURNAL OF THE AMERICAN SOCIETY OF NEPHROLOGY,1,0
1756-8722,JOURNAL OF HEMATOLOGY & ONCOLOGY,1,0
0022-2496,JOURNAL OF MATHEMATICAL PSYCHOLOGY,3,0
0300-0664,CLINICAL ENDOCRINOLOGY,1,0
1076-6332,ACADEMIC RADIOLOGY,4,0
0270-0255,MATHEMATICAL MODELLING,2,0
0272-6386,AMERICAN JOURNAL OF KIDNEY DISEASES,2,0
0193-841X,EVALUATION REVIEW,3,0
2047-9980,JOURNAL OF THE AMERICAN HEART ASSOCIATION,1,0
1559-2294,EPIGENETICS,1,0
0013-9351,ENVIRONMENTAL RESEARCH,1,0
0018-067X,HEREDITY,1,0
0021-843X,JOURNAL OF ABNORMAL PSYCHOLOGY,3,0
0003-0554,AMERICAN POLITICAL SCIENCE REVIEW,1,0
0895-2779,JOURNAL OF SPORT & EXERCISE PSYCHOLOGY,1,0
1465-542X,BREAST CANCER RESEARCH,1,0
1083-4087,JOURNAL OF MANAGED CARE PHARMACY,1,0
1462-0324,RHEUMATOLOGY,4,0
0340-5354,JOURNAL OF NEUROLOGY,2,0
1925-6515,CHRONIC DISEASES AND INJURIES IN CANADA,1,0
0028-3878,NEUROLOGY,9,0
0317-1671,CANADIAN JOURNAL OF NEUROLOGICAL SCIENCES,1,0
0883-7252,JOURNAL OF APPLIED ECONOMETRICS,1,0
0168-1605,INTERNATIONAL JOURNAL OF FOOD MICROBIOLOGY,1,0
0014-2980,EUROPEAN JOURNAL OF IMMUNOLOGY,1,0
0266-4666,ECONOMETRIC THEORY,1,0
1063-5157,SYSTEMATIC BIOLOGY,1,0
0163-4453,JOURNAL OF INFECTION,1,0
1664-302X,FRONTIERS IN MICROBIOLOGY,1,0
0894-9255,JOURNAL OF ACQUIRED IMMUNE DEFICIENCY SYNDROMES AND HUMAN RETROVIROLOGY,1,0
0020-9996,INVESTIGATIVE RADIOLOGY,1,0
0066-4308,ANNUAL REVIEW OF PSYCHOLOGY,2,0
0002-8282,AMERICAN ECONOMIC REVIEW,2,0
0933-3657,ARTIFICIAL INTELLIGENCE IN MEDICINE,1,0
1431-1968,FOUNDATIONS OF STATISTICAL INFERENCE,1,0
1350-7265,BERNOULLI,2,0
0250-6807,ANNALS OF NUTRITION AND METABOLISM,1,0
0031-4005,PEDIATRICS,2,0
0002-9165,AMERICAN JOURNAL OF CLINICAL NUTRITION,4,0
0001-0782,COMMUNICATIONS OF THE ACM,1,0
0016-7363,GEOGRAPHICAL ANALYSIS,1,0
0302-9743(print),ALGORITHMS FOR COMPUTATIONAL BIOLOGY,1,0
0035-9238,JOURNAL OF THE ROYAL STATISTICAL SOCIETY SERIES A-STATISTICS IN SOCIETY,6,0
0195-9131,MEDICINE AND SCIENCE IN SPORTS AND EXERCISE,1,0
1543-3080,JOURNAL OF PHYSICAL ACTIVITY & HEALTH,1,0
0333-1024,CEPHALALGIA,1,0
1948-7193,ACS CHEMICAL NEUROSCIENCE,1,0
1065-9471,HUMAN BRAIN MAPPING,1,0
2168-6149,JAMA NEUROLOGY,1,0
0006-3223,BIOLOGICAL PSYCHIATRY,1,0
1758-9193,ALZHEIMERS RESEARCH & THERAPY,1,0
0090-8258,GYNECOLOGIC ONCOLOGY,3,0
0017-5749,GUT,2,0
1045-3873,JOURNAL OF CARDIOVASCULAR ELECTROPHYSIOLOGY,1,0
1170-7690,PHARMACOECONOMICS,2,0
0042-6822,VIROLOGY,1,0
0022-1899,JOURNAL OF INFECTIOUS DISEASES,3,0
0022-538X,JOURNAL OF VIROLOGY,1,0
1553-7358,PLOS COMPUTATIONAL BIOLOGY,2,0
0001-4575,ACCIDENT ANALYSIS AND PREVENTION,5,0
0022-3476,JOURNAL OF PEDIATRICS,1,0
0361-1981,TRANSPORTATION RESEARCH RECORD,1,0
2313-576X,SAFETY,1,0
1538-9588,TRAFFIC INJURY PREVENTION,1,0
0278-6133,HEALTH PSYCHOLOGY,2,0
1054-139X,JOURNAL OF ADOLESCENT HEALTH,1,0
0022-4375,JOURNAL OF SAFETY RESEARCH,2,0
1937-1888,JOURNAL OF STUDIES ON ALCOHOL AND DRUGS,1,0
1745-6215,TRIALS,12,0
1606-0997,JOURNAL OF HEALTH POPULATION AND NUTRITION,1,0
1557-2625,JOURNAL OF THE AMERICAN BOARD OF FAMILY MEDICINE,1,0
0178-8051,PROBABILITY THEORY AND RELATED FIELDS,1,0
1047-1987,POLITICAL ANALYSIS,2,0
1544-6115,STATISTICAL APPLICATIONS IN GENETICS AND MOLECULAR BIOLOGY,3,0
0002-8703,AMERICAN HEART JOURNAL,3,0
0886-022X,RENAL FAILURE,1,0
0270-9139,HEPATOLOGY,2,0
1071-412X,CLINICAL AND DIAGNOSTIC LABORATORY IMMUNOLOGY,1,0
1434-6621,CLINICAL CHEMISTRY AND LABORATORY MEDICINE,1,0
0021-1265,IRISH JOURNAL OF MEDICAL SCIENCE,1,0
1940-6207,CANCER PREVENTION RESEARCH,1,0
0009-9236,CLINICAL PHARMACOLOGY & THERAPEUTICS,7,0
1082-720X,ANNALS OF NONINVASIVE ELECTROCARDIOLOGY,2,0
0091-2700,JOURNAL OF CLINICAL PHARMACOLOGY,5,0
0114-5916,DRUG SAFETY,1,0
1064-8275,SIAM JOURNAL ON SCIENTIFIC COMPUTING,1,0
0304-3800,ECOLOGICAL MODELLING,1,0
1664-1078,FRONTIERS IN PSYCHOLOGY,1,0
1548-7091,NATURE METHODS,1,0
0028-7091,BULLETIN OF THE NEW YORK ACADEMY OF MEDICINE,1,0
1462-2416,PHARMACOGENOMICS,1,0
0306-5251,BRITISH JOURNAL OF CLINICAL PHARMACOLOGY,1,0
0026-1270,METHODS OF INFORMATION IN MEDICINE,3,0
0586-7614,SCHIZOPHRENIA BULLETIN,1,0
0920-9964,SCHIZOPHRENIA RESEARCH,1,0
2168-622X,JAMA PSYCHIATRY,1,0
2451-8654,CONTEMPORARY CLINICAL TRIALS COMMUNICATIONS,1,0
0039-0526,STATISTICIAN,4,0
0003-2409,ANAESTHESIA,1,0
1387-1307,JOURNAL OF CLINICAL MONITORING AND COMPUTING,1,0
0147-9563,HEART & LUNG,1,0
0003-3022,ANESTHESIOLOGY,2,0
0342-4642,INTENSIVE CARE MEDICINE,1,0
1741-7015,BMC MEDICINE,1,0
1687-4110,JOURNAL OF NANOMATERIALS,1,0
2211-6753,SPATIAL STATISTICS,2,0
0950-2688,EPIDEMIOLOGY AND INFECTION,5,0
0020-6598,INTERNATIONAL ECONOMIC REVIEW,1,0
2326-8298,"ANNUAL REVIEW OF STATISTICS AND ITS APPLICATION, VOL 1",3,0
0043-1397,WATER RESOURCES RESEARCH,1,0
1746-0913,Future Microbiology,1,0
1755-4365,EPIDEMICS,1,0
0027-0644,MONTHLY WEATHER REVIEW,1,0
0003-0147,AMERICAN NATURALIST,1,0
0305-1048,NUCLEIC ACIDS RESEARCH,7,0
1474-760X,GENOME BIOLOGY,2,0
0022-0345,JOURNAL OF DENTAL RESEARCH,1,0
0943-4062,COMPUTATIONAL STATISTICS,9,0
0092-8674,CELL,2,0
0893-9454,REVIEW OF FINANCIAL STUDIES,1,0
0176-4268,JOURNAL OF CLASSIFICATION,1,0
1759-4758,NATURE REVIEWS NEUROLOGY,1,0
0008-5472,CANCER RESEARCH,1,0
0022-1007,JOURNAL OF EXPERIMENTAL MEDICINE,1,0
0090-5550,REHABILITATION PSYCHOLOGY,1,0
0033-2917,PSYCHOLOGICAL MEDICINE,2,0
0894-4105,NEUROPSYCHOLOGY,1,0
1364-503X,PHILOSOPHICAL TRANSACTIONS OF THE ROYAL SOCIETY A-MATHEMATICAL PHYSICAL AND ENGINEERING SCIENCES,1,0
0885-3185,MOVEMENT DISORDERS,3,0
0003-9942,ARCHIVES OF NEUROLOGY,6,0
0099-5355,LANCET,3,0
0304-3940,NEUROSCIENCE LETTERS,1,0
0029-6651,PROCEEDINGS OF THE NUTRITION SOCIETY,1,0
0001-5652,HUMAN HEREDITY,5,0
0143-3334,CARCINOGENESIS,2,0
0957-9672,CURRENT OPINION IN LIPIDOLOGY,1,0
1471-2156,BMC GENETICS,2,0
0006-4971,BLOOD,2,0
0004-3702,ARTIFICIAL INTELLIGENCE,1,0
1088-9051,GENOME RESEARCH,3,0
1380-3743,MOLECULAR BREEDING,1,0
0197-4580,NEUROBIOLOGY OF AGING,2,0
0022-3050,JOURNAL OF NEUROLOGY NEUROSURGERY AND PSYCHIATRY,2,0
1387-2877,JOURNAL OF ALZHEIMERS DISEASE,2,0
1053-8119,NEUROIMAGE,5,0
1567-2050,CURRENT ALZHEIMER RESEARCH,1,0
1552-5260,ALZHEIMERS & DEMENTIA,3,0
1098-3015,VALUE IN HEALTH,5,0
1398-5647,BIPOLAR DISORDERS,1,0
0165-0327,JOURNAL OF AFFECTIVE DISORDERS,1,0
1089-2591,JOURNAL OF LOWER GENITAL TRACT DISEASE,1,0
0749-3797,AMERICAN JOURNAL OF PREVENTIVE MEDICINE,1,0
2044-6055,BMJ OPEN,1,0
1469-493X,COCHRANE DATABASE OF SYSTEMATIC REVIEWS,1,0
0390-6078,HAEMATOLOGICA,1,0
0167-6997,INVESTIGATIONAL NEW DRUGS,1,0
1057-7149,IEEE TRANSACTIONS ON IMAGE PROCESSING,3,0
0893-9659,APPLIED MATHEMATICS LETTERS,1,0
0012-9615,ECOLOGICAL MONOGRAPHS,1,0
0021-972X,JOURNAL OF CLINICAL ENDOCRINOLOGY & METABOLISM,3,0
0269-5022,PAEDIATRIC AND PERINATAL EPIDEMIOLOGY,1,0
1467-7881,OBESITY REVIEWS,1,0
1001-2230,CANADIAN JOURNAL OF STATISTICS-REVUE CANADIENNE DE STATISTIQUE,1,0
0895-4798,SIAM JOURNAL ON MATRIX ANALYSIS AND APPLICATIONS,1,0
0145-6008,ALCOHOLISM-CLINICAL AND EXPERIMENTAL RESEARCH,1,0
0005-8580,BELL SYSTEM TECHNICAL JOURNAL,1,0
0001-706X,ACTA TROPICA,1,0
0007-1250,BRITISH JOURNAL OF PSYCHIATRY,3,0
0022-3018,JOURNAL OF NERVOUS AND MENTAL DISEASE,1,0
0046-8177,HUMAN PATHOLOGY,1,0
0169-5347,TRENDS IN ECOLOGY & EVOLUTION,2,0
0033-2909,PSYCHOLOGICAL BULLETIN,5,0
0147-5185,AMERICAN JOURNAL OF SURGICAL PATHOLOGY,1,0
1075-122X,BREAST JOURNAL,1,0
0363-0153,ARCHIVES OF PATHOLOGY,1,0
0033-2941,PSYCHOLOGICAL REPORTS,1,0
1546-1440,JOURNAL OF THE AMERICAN COLLEGE OF RADIOLOGY,1,0
0161-5440,HISTORICAL METHODS,1,0
0950-9240,JOURNAL OF HUMAN HYPERTENSION,1,0
0010-0277,COGNITION,2,0
1027-3719,INTERNATIONAL JOURNAL OF TUBERCULOSIS AND LUNG DISEASE,2,0
0305-9049,OXFORD BULLETIN OF ECONOMICS AND STATISTICS,1,0
1462-2203,NICOTINE & TOBACCO RESEARCH,1,0
0013-0117,ECONOMIC HISTORY REVIEW,1,0
0048-5772,PSYCHOPHYSIOLOGY,1,0
1863-8171,ASTA-ADVANCES IN STATISTICAL ANALYSIS,2,0
1069-9384,PSYCHONOMIC BULLETIN & REVIEW,1,0
0022-4499,JOURNAL OF SEX RESEARCH,1,0
1525-822X,FIELD METHODS,1,0
0304-4149,STOCHASTIC PROCESSES AND THEIR APPLICATIONS,1,0
0021-9002,JOURNAL OF APPLIED PROBABILITY,2,0
0253-1933,REVUE SCIENTIFIQUE ET TECHNIQUE-OFFICE INTERNATIONAL DES EPIZOOTIES,1,0
0049-4747,TROPICAL ANIMAL HEALTH AND PRODUCTION,1,0
0962-8452,PROCEEDINGS OF THE ROYAL SOCIETY B-BIOLOGICAL SCIENCES,1,0
0273-0979,BULLETIN OF THE AMERICAN MATHEMATICAL SOCIETY,1,0
0030-8730,PACIFIC JOURNAL OF MATHEMATICS,1,0
1524-1904,APPLIED STOCHASTIC MODELS IN BUSINESS AND INDUSTRY,1,0
0036-1445,SIAM REVIEW,1,0
0041-1337,TRANSPLANTATION,1,0
2167-8421,AMYOTROPHIC LATERAL SCLEROSIS AND FRONTOTEMPORAL DEGENERATION,2,0
0962-9343,QUALITY OF LIFE RESEARCH,1,0
0370-2693,PHYSICS LETTERS B,1,0
1750-8592,CHILD DEVELOPMENT PERSPECTIVES,1,0
0022-0655,JOURNAL OF EDUCATIONAL MEASUREMENT,2,0
0017-9124,HEALTH SERVICES RESEARCH,2,0
0946-1965,INTERNATIONAL JOURNAL OF CLINICAL PHARMACOLOGY AND THERAPEUTICS,1,0
0013-9580,EPILEPSIA,1,0
2033-6403,GABI JOURNAL-GENERICS AND BIOSIMILARS INITIATIVE JOURNAL,1,0
0934-0874,TRANSPLANT INTERNATIONAL,1,0
0282-423X,JOURNAL OF OFFICIAL STATISTICS,1,0
0939-4753,NUTRITION METABOLISM AND CARDIOVASCULAR DISEASES,1,0
1479-5876,JOURNAL OF TRANSLATIONAL MEDICINE,1,0
2050-084X,ELIFE,1,0
0004-069X,ARCHIVUM IMMUNOLOGIAE ET THERAPIAE EXPERIMENTALIS,1,0
1553-7404,PLOS GENETICS,2,0
2326-5191,ARTHRITIS & RHEUMATOLOGY,1,0
1545-9993,NATURE STRUCTURAL & MOLECULAR BIOLOGY,1,0
0012-1797,DIABETES,2,0
0001-2815,TISSUE ANTIGENS,1,0
1934-5909,CELL STEM CELL,1,0
0968-0519,JOURNAL OF ENDOTOXIN RESEARCH,1,0
1018-4813,EUROPEAN JOURNAL OF HUMAN GENETICS,1,0
0012-3692,CHEST,1,0
0009-3920,CHILD DEVELOPMENT,1,0
0003-1224,AMERICAN SOCIOLOGICAL REVIEW,3,0
0899-7667,NEURAL COMPUTATION,2,0
1057-9230,HEALTH ECONOMICS,12,0
0361-5960,CANCER TREATMENT REPORTS,1,0
0167-6296,JOURNAL OF HEALTH ECONOMICS,1,0
0363-468X,JOURNAL OF STUDIES ON ALCOHOL,1,0
0025-7079,MEDICAL CARE,9,0
1473-7167,EXPERT REVIEW OF PHARMACOECONOMICS & OUTCOMES RESEARCH,1,0
0168-8510,HEALTH POLICY,1,0
0960-1643,BRITISH JOURNAL OF GENERAL PRACTICE,1,0
0022-1309,JOURNAL OF GENERAL PSYCHOLOGY,1,0
0888-613X,INTERNATIONAL JOURNAL OF APPROXIMATE REASONING,2,0
1471-2164,BMC GENOMICS,1,0
1465-6906,GENOME BIOLOGY,1,0
1535-6108,CANCER CELL,1,0
0039-7857,SYNTHESE,1,0
0022-4715,JOURNAL OF STATISTICAL PHYSICS,1,0
0378-8733,SOCIAL NETWORKS,14,0
0149-2063,JOURNAL OF MANAGEMENT,2,0
0001-8392,ADMINISTRATIVE SCIENCE QUARTERLY,5,0
1070-5295,CURRENT OPINION IN CRITICAL CARE,2,0
2050-1242,NETWORK SCIENCE,1,0
0360-0572,ANNUAL REVIEW OF SOCIOLOGY,4,0
1387-3741,HEALTH SERVICES AND OUTCOMES RESEARCH METHODOLOGY,1,0
0081-1750,"SOCIOLOGICAL METHODOLOGY 2002, VOL 32",7,0
1042-9832,RANDOM STRUCTURES & ALGORITHMS,1,0
0045-6535,CHEMOSPHERE,1,0
0731-8898,JOURNAL OF ENVIRONMENTAL PATHOLOGY TOXICOLOGY AND ONCOLOGY,1,0
0007-9235,CA-A CANCER JOURNAL FOR CLINICIANS,2,0
0340-6717,HUMAN GENETICS,2,0
1369-1473,AUSTRALIAN & NEW ZEALAND JOURNAL OF STATISTICS,3,0
0001-8678,ADVANCES IN APPLIED PROBABILITY,1,0
0268-3369,BONE MARROW TRANSPLANTATION,1,0
0264-410X,VACCINE,1,0
0028-1441,NAVAL RESEARCH LOGISTICS,1,0
0141-9838,PARASITE IMMUNOLOGY,1,0
0022-3166,JOURNAL OF NUTRITION,3,0
0002-9890,AMERICAN MATHEMATICAL MONTHLY,1,0
1041-6102,INTERNATIONAL PSYCHOGERIATRICS,1,0
0003-2697,ANALYTICAL BIOCHEMISTRY,1,0
0161-5505,JOURNAL OF NUCLEAR MEDICINE,1,0
0022-3042,JOURNAL OF NEUROCHEMISTRY,1,0
1178-2021,NEUROPSYCHIATRIC DISEASE AND TREATMENT,1,0
0031-9333,PHYSIOLOGICAL REVIEWS,1,0
1195-6860,ECOSCIENCE,1,0
1436-3240,STOCHASTIC ENVIRONMENTAL RESEARCH AND RISK ASSESSMENT,1,0
1567-1348,INFECTION GENETICS AND EVOLUTION,1,0
1080-6040,EMERGING INFECTIOUS DISEASES,2,0
1067-5027,JOURNAL OF THE AMERICAN MEDICAL INFORMATICS ASSOCIATION,5,0
1386-9620,HEALTH CARE MANAGEMENT SCIENCE,1,0
1941-7640,CIRCULATION-CARDIOVASCULAR INTERVENTIONS,2,0
0003-4932,ANNALS OF SURGERY,1,0
1470-0328,BJOG-AN INTERNATIONAL JOURNAL OF OBSTETRICS AND GYNAECOLOGY,1,0
0098-6569,CATHETERIZATION AND CARDIOVASCULAR DIAGNOSIS,1,0
1522-1946,CATHETERIZATION AND CARDIOVASCULAR INTERVENTIONS,2,0
1051-0443,JOURNAL OF VASCULAR AND INTERVENTIONAL RADIOLOGY,1,0
1936-8798,JACC-CARDIOVASCULAR INTERVENTIONS,3,0
0741-5214,JOURNAL OF VASCULAR SURGERY,3,0
0065-3071,Otosclerosis and Stapes Surgery,1,0
0026-1335,METRIKA,1,0
1759-4774,NATURE REVIEWS CLINICAL ONCOLOGY,1,0
1049-5258,"ADVANCES IN NEURAL INFORMATION PROCESSING SYSTEMS 14, VOLS 1 AND 2",2,0
1537-6613,JOURNAL OF INFECTIOUS DISEASES,1,0
0003-0805,AMERICAN REVIEW OF RESPIRATORY DISEASE,1,0
1445-1433,ANZ JOURNAL OF SURGERY,1,0
1356-1294,JOURNAL OF EVALUATION IN CLINICAL PRACTICE,1,0
0748-7983,EJSO,1,0
1353-4505,INTERNATIONAL JOURNAL FOR QUALITY IN HEALTH CARE,2,0
1684-3703,QUALITY TECHNOLOGY AND QUANTITATIVE MANAGEMENT,1,0
0899-823X,INFECTION CONTROL AND HOSPITAL EPIDEMIOLOGY,1,0
0022-5223,JOURNAL OF THORACIC AND CARDIOVASCULAR SURGERY,2,0
0894-069X,NAVAL RESEARCH LOGISTICS,1,0
0167-5273,INTERNATIONAL JOURNAL OF CARDIOLOGY,1,0
0160-5682,JOURNAL OF THE OPERATIONAL RESEARCH SOCIETY,1,0
0748-8017,QUALITY AND RELIABILITY ENGINEERING INTERNATIONAL,2,0
1387-5841,METHODOLOGY AND COMPUTING IN APPLIED PROBABILITY,1,0
0091-1798,ANNALS OF PROBABILITY,2,0
0363-6119,AMERICAN JOURNAL OF PHYSIOLOGY-REGULATORY INTEGRATIVE AND COMPARATIVE PHYSIOLOGY,3,0
0076-6879,"METHODS IN ENZYMOLOGY: COMPUTER METHODS, VOL 454, PT A",2,0
0307-0565,INTERNATIONAL JOURNAL OF OBESITY,1,0
0261-3794,ELECTORAL STUDIES,1,0
0731-1214,SOCIOLOGICAL PERSPECTIVES,1,0
1069-4404,SOCIOLOGY OF RELIGION,1,0
0039-2499,STROKE,1,0
0022-3492,JOURNAL OF PERIODONTOLOGY,3,0
0932-5026,STATISTICAL PAPERS,1,0
0344-5704,CANCER CHEMOTHERAPY AND PHARMACOLOGY,2,0
1347-9032,CANCER SCIENCE,1,0
0889-2229,AIDS RESEARCH AND HUMAN RETROVIRUSES,1,0
0041-1132,TRANSFUSION,3,0
0148-5717,SEXUALLY TRANSMITTED DISEASES,1,0
1543-592X(print),"ANNUAL REVIEW OF ECOLOGY, EVOLUTION, AND SYSTEMATICS, VOL 41",1,0
0004-3591,ARTHRITIS AND RHEUMATISM,1,0
1867-1764,STATISTICS IN BIOSCIENCES,1,0
0149-5992,DIABETES CARE,1,0
0742-3071,DIABETIC MEDICINE,3,0
0012-186X,DIABETOLOGIA,5,0
0022-0515,JOURNAL OF ECONOMIC LITERATURE,1,0
1056-8727,JOURNAL OF DIABETES AND ITS COMPLICATIONS,1,0
1399-543X,PEDIATRIC DIABETES,1,0
1077-9450,JOURNAL OF ACQUIRED IMMUNE DEFICIENCY SYNDROMES AND HUMAN RETROVIROLOGY,1,0
1600-6135,AMERICAN JOURNAL OF TRANSPLANTATION,1,0
0301-0171,CYTOGENETICS AND CELL GENETICS,2,0
1832-4274,TWIN RESEARCH AND HUMAN GENETICS,1,0
0003-9950,ARCHIVES OF OPHTHALMOLOGY,1,0
0021-8561,JOURNAL OF AGRICULTURAL AND FOOD CHEMISTRY,1,0
0275-004X,RETINA-THE JOURNAL OF RETINAL AND VITREOUS DISEASES,1,0
0090-3272,COMMUNICATIONS IN STATISTICS,1,0
0003-3472,ANIMAL BEHAVIOUR,2,0
0376-8716,DRUG AND ALCOHOL DEPENDENCE,1,0
0165-0270,JOURNAL OF NEUROSCIENCE METHODS,1,0
0022-006X,JOURNAL OF CONSULTING AND CLINICAL PSYCHOLOGY,2,0
0031-5125,PERCEPTUAL AND MOTOR SKILLS,1,0
0190-9622,JOURNAL OF THE AMERICAN ACADEMY OF DERMATOLOGY,1,0
1059-1524,MOLECULAR BIOLOGY OF THE CELL,1,0
0895-7061,AMERICAN JOURNAL OF HYPERTENSION,2,0
2049-1573,STAT,2,0
0194-911X,HYPERTENSION,1,0
0303-6979,JOURNAL OF CLINICAL PERIODONTOLOGY,1,0
1354-523X,ORAL DISEASES,1,0
0361-6274,HEALTH CARE MANAGEMENT REVIEW,1,0
2470-0045,PHYSICAL REVIEW E,1,0
0002-8231,JOURNAL OF THE AMERICAN SOCIETY FOR INFORMATION SCIENCE,1,0
1538-7933,JOURNAL OF THROMBOSIS AND HAEMOSTASIS,1,0
0531-5565,EXPERIMENTAL GERONTOLOGY,1,0
0025-5718,MATHEMATICS OF COMPUTATION,1,0
0263-7103,BRITISH JOURNAL OF RHEUMATOLOGY,1,0
2157-6904,ACM TRANSACTIONS ON INTELLIGENT SYSTEMS AND TECHNOLOGY,1,0
0021-8790,JOURNAL OF ANIMAL ECOLOGY,1,0
1351-5101,EUROPEAN JOURNAL OF NEUROLOGY,2,0
2314-6133,BIOMED RESEARCH INTERNATIONAL,1,0
1053-8569,PHARMACOEPIDEMIOLOGY AND DRUG SAFETY,6,0
1476-069X,ENVIRONMENTAL HEALTH,1,0
1070-5511,STRUCTURAL EQUATION MODELING,2,0
0191-8869,PERSONALITY AND INDIVIDUAL DIFFERENCES,1,0
1046-7408,AMERICAN JOURNAL OF REPRODUCTIVE IMMUNOLOGY,1,0
0013-936X,ENVIRONMENTAL SCIENCE & TECHNOLOGY,1,0
1094-4281,ORGANIZATIONAL RESEARCH METHODS,1,0
0007-1420,BRITISH MEDICAL BULLETIN,2,0
0168-9525,TRENDS IN GENETICS,1,0
0014-2999,EUROPEAN JOURNAL OF PHARMACOLOGY,1,0
0040-5809,THEORETICAL POPULATION BIOLOGY,1,0
0021-8812,JOURNAL OF ANIMAL SCIENCE,1,0
1471-2407,BMC CANCER,2,0
0954-6820,JOURNAL OF INTERNAL MEDICINE,1,0
0021-9150,ATHEROSCLEROSIS,1,0
0015-0282,FERTILITY AND STERILITY,2,0
1696-2281,SORT-STATISTICS AND OPERATIONS RESEARCH TRANSACTIONS,1,0
0029-7844,OBSTETRICS AND GYNECOLOGY,1,0
1553-5592,JOURNAL OF HOSPITAL MEDICINE,1,0
1937-5387,JOURNAL OF CARDIOVASCULAR TRANSLATIONAL RESEARCH,1,0
1756-994X,GENOME MEDICINE,1,0
1878-0261,MOLECULAR ONCOLOGY,1,0
0149-2918,CLINICAL THERAPEUTICS,1,0
1352-4585,MULTIPLE SCLEROSIS JOURNAL,2,0
0022-510X,JOURNAL OF THE NEUROLOGICAL SCIENCES,1,0
0192-6233,TOXICOLOGIC PATHOLOGY,2,0
1759-4812,NATURE REVIEWS UROLOGY,1,0
0167-6369,ENVIRONMENTAL MONITORING AND ASSESSMENT,1,0
0301-5629,ULTRASOUND IN MEDICINE AND BIOLOGY,1,0
0168-9002,NUCLEAR INSTRUMENTS & METHODS IN PHYSICS RESEARCH SECTION A-ACCELERATORS SPECTROMETERS DETECTORS AND ASSOCIATED EQUIPMENT,1,0
1742-7835,BASIC & CLINICAL PHARMACOLOGY & TOXICOLOGY,1,0
2042-6305,JOURNAL OF COMPARATIVE EFFECTIVENESS RESEARCH,1,0
1172-7047,CNS DRUGS,1,0
0340-6245,THROMBOSIS AND HAEMOSTASIS,1,0
0094-2405,MEDICAL PHYSICS,1,0
0031-3203,PATTERN RECOGNITION,1,0
0018-9448,IEEE TRANSACTIONS ON INFORMATION THEORY,1,0
0143-9782,JOURNAL OF TIME SERIES ANALYSIS,1,0
0924-9907,JOURNAL OF MATHEMATICAL IMAGING AND VISION,1,0
0168-8278,JOURNAL OF HEPATOLOGY,1,0
0003-2700,ANALYTICAL CHEMISTRY,1,0
